NPT_ID,Date,Well_ID,Rig_ID,Operator,Block,Well_Type,NPT_Category,NPT_Subcategory,Root_Cause,Responsible_Party,Duration_hr,Cost_USD,Deferred_Cost_USD,Total_Impact_USD,Duration_Bucket,Cost_Bucket,Severity,Downtime_Type,Shift,Corrective_Action,Action_Status,Month,Quarter,Season,Rig_Name,Contractor,Rig_Type,Day_Rate_USD,Year_Built
NPT00085,2023-01-21,W007,R001,Atlantic Energy Guyana,Stabroek,Exploration,Drilling,Hole Cleaning,Differential Sticking,Mud Engineering,4.0,79166.0,115572.0,194738.0,Minor,$100K - $250K,Low,Planned,Day,Adjust Drilling Parameters,Closed,January,Q1,Short Rainy Season,Noble Bob Douglas,Noble,Drillship,475000.0,2013
NPT00644,2023-01-24,W048,R002,Atlantic Energy Guyana,Stabroek,Appraisal,Personnel,Safety Stand Down,Crew Rotation,Rig Management,2.0,38333.0,43207.0,81540.0,Minor,< $100K,Low,Unplanned,Day,Medical Clearance,Closed,January,Q1,Short Rainy Season,Stena Carron,Stena Drilling,Drillship,460000.0,2015
NPT00395,2023-01-25,W030,R002,Atlantic Energy Guyana,Stabroek,Appraisal,Personnel,Safety Stand Down,Training Requirement,Rig Management,8.0,153333.0,91956.0,245289.0,Moderate,$100K - $250K,Medium,Unplanned,Day,Medical Clearance,Closed,January,Q1,Short Rainy Season,Stena Carron,Stena Drilling,Drillship,460000.0,2015
NPT00396,2023-01-26,W030,R002,Atlantic Energy Guyana,Stabroek,Appraisal,Drilling,Stuck Pipe,Bit Wear,Directional Drilling,2.0,38333.0,20240.0,58573.0,Minor,< $100K,Low,Unplanned,Day,Run Fishing Tools,In Progress,January,Q1,Short Rainy Season,Stena Carron,Stena Drilling,Drillship,460000.0,2015
NPT00086,2023-01-27,W007,R001,Atlantic Energy Guyana,Stabroek,Exploration,Drilling,Stuck Pipe,Formation Instability,Operator,2.0,39583.0,64096.0,103679.0,Minor,$100K - $250K,Low,Unplanned,Night,Run Fishing Tools,Closed,January,Q1,Short Rainy Season,Noble Bob Douglas,Noble,Drillship,475000.0,2013
NPT00087,2023-01-28,W007,R001,Atlantic Energy Guyana,Stabroek,Exploration,Weather,Strong Wind,High Waves,Marine Operations,4.0,79166.0,60596.0,139762.0,Minor,$100K - $250K,Low,Planned,Day,Suspend Operations,Closed,January,Q1,Short Rainy Season,Noble Bob Douglas,Noble,Drillship,475000.0,2013
NPT00397,2023-01-31,W030,R002,Atlantic Energy Guyana,Stabroek,Appraisal,Drilling,Hole Cleaning,Unexpected Pressure,Mud Engineering,2.0,38333.0,56371.0,94704.0,Minor,< $100K,Low,Unplanned,Day,Condition Hole,Closed,January,Q1,Short Rainy Season,Stena Carron,Stena Drilling,Drillship,460000.0,2015
NPT00398,2023-02-01,W030,R002,Atlantic Energy Guyana,Stabroek,Appraisal,Drilling,Well Control,Formation Instability,Operator,6.0,115000.0,74266.0,189266.0,Moderate,$100K - $250K,Medium,Unplanned,Night,Increase Mud Weight,Closed,February,Q1,Dry Season,Stena Carron,Stena Drilling,Drillship,460000.0,2015
NPT00088,2023-02-03,W007,R001,Atlantic Energy Guyana,Stabroek,Exploration,Drilling,Well Control,Bit Wear,Directional Drilling,18.0,356250.0,798690.0,1154940.0,Major,> $1M,High,Planned,Day,Condition Hole,Closed,February,Q1,Dry Season,Noble Bob Douglas,Noble,Drillship,475000.0,2013
NPT00089,2023-02-08,W007,R001,Atlantic Energy Guyana,Stabroek,Exploration,Logistics,Fuel Supply Delay,Material Shortage,Marine Logistics,4.0,79166.0,52507.0,131673.0,Minor,$100K - $250K,Low,Unplanned,Day,Expedite Shipment,Closed,February,Q1,Dry Season,Noble Bob Douglas,Noble,Drillship,475000.0,2013
NPT00090,2023-02-09,W007,R001,Atlantic Energy Guyana,Stabroek,Exploration,Mechanical,Generator Failure,Equipment Wear,Drilling Contractor,2.0,39583.0,82308.0,121891.0,Minor,$100K - $250K,Low,Unplanned,Day,Preventive Maintenance,In Progress,February,Q1,Dry Season,Noble Bob Douglas,Noble,Drillship,475000.0,2013
NPT00399,2023-02-10,W030,R002,Atlantic Energy Guyana,Stabroek,Appraisal,Drilling,Fishing Operation,Unexpected Pressure,Directional Drilling,4.0,76666.0,52243.0,128909.0,Minor,$100K - $250K,Low,Unplanned,Night,Adjust Drilling Parameters,Open,February,Q1,Dry Season,Stena Carron,Stena Drilling,Drillship,460000.0,2015
NPT00400,2023-02-13,W030,R002,Atlantic Energy Guyana,Stabroek,Appraisal,Logistics,Waiting on Cement,Late Supply Vessel,Procurement,6.0,115000.0,233024.0,348024.0,Moderate,$250K - $500K,Medium,Unplanned,Day,Expedite Shipment,Closed,February,Q1,Dry Season,Stena Carron,Stena Drilling,Drillship,460000.0,2015
NPT00401,2023-02-17,W030,R002,Atlantic Energy Guyana,Stabroek,Appraisal,Mechanical,BOP Repair,Hydraulic Failure,Maintenance Team,8.0,153333.0,363755.0,517088.0,Moderate,$500K - $1M,Medium,Unplanned,Day,Replace Equipment,Closed,February,Q1,Dry Season,Stena Carron,Stena Drilling,Drillship,460000.0,2015
NPT00645,2023-02-17,W048,R002,Atlantic Energy Guyana,Stabroek,Appraisal,Mechanical,Top Drive Failure,Equipment Wear,Drilling Contractor,2.0,38333.0,46414.0,84747.0,Minor,< $100K,Low,Unplanned,Night,Replace Equipment,Closed,February,Q1,Dry Season,Stena Carron,Stena Drilling,Drillship,460000.0,2015
NPT00646,2023-02-19,W048,R002,Atlantic Energy Guyana,Stabroek,Appraisal,Drilling,Well Control,Unexpected Pressure,Directional Drilling,4.0,76666.0,109609.0,186275.0,Minor,$100K - $250K,Low,Unplanned,Day,Condition Hole,Closed,February,Q1,Dry Season,Stena Carron,Stena Drilling,Drillship,460000.0,2015
NPT00091,2023-02-20,W007,R001,Atlantic Energy Guyana,Stabroek,Exploration,Mechanical,Top Drive Failure,Poor Preventive Maintenance,Drilling Contractor,18.0,356250.0,702062.0,1058312.0,Major,> $1M,High,Unplanned,Night,Repair Component,Closed,February,Q1,Dry Season,Noble Bob Douglas,Noble,Drillship,475000.0,2013
NPT00092,2023-02-26,W007,R001,Atlantic Energy Guyana,Stabroek,Exploration,Weather,Lightning,Storm,Marine Operations,8.0,158333.0,192897.0,351230.0,Moderate,$250K - $500K,Medium,Unplanned,Night,Resume Operations,In Progress,February,Q1,Dry Season,Noble Bob Douglas,Noble,Drillship,475000.0,2013
NPT00647,2023-03-02,W048,R002,Atlantic Energy Guyana,Stabroek,Appraisal,Mechanical,Top Drive Failure,Equipment Wear,Drilling Contractor,8.0,153333.0,295021.0,448354.0,Moderate,$250K - $500K,Medium,Unplanned,Day,Replace Equipment,Closed,March,Q1,Dry Season,Stena Carron,Stena Drilling,Drillship,460000.0,2015
NPT00452,2023-03-04,W034,R001,Atlantic Energy Guyana,Stabroek,Exploration,Drilling,Fishing Operation,Formation Instability,Operator,18.0,356250.0,822305.0,1178555.0,Major,> $1M,High,Unplanned,Day,Adjust Drilling Parameters,Closed,March,Q1,Dry Season,Noble Bob Douglas,Noble,Drillship,475000.0,2013
NPT00648,2023-03-06,W048,R002,Atlantic Energy Guyana,Stabroek,Appraisal,Mechanical,Top Drive Failure,Poor Preventive Maintenance,Maintenance Team,4.0,76666.0,129373.0,206039.0,Minor,$100K - $250K,Low,Unplanned,Day,Repair Component,In Progress,March,Q1,Dry Season,Stena Carron,Stena Drilling,Drillship,460000.0,2015
NPT00649,2023-03-07,W048,R002,Atlantic Energy Guyana,Stabroek,Appraisal,Mechanical,Rotary Table Failure,Hydraulic Failure,OEM Vendor,18.0,345000.0,423942.0,768942.0,Major,$500K - $1M,High,Unplanned,Night,OEM Inspection,Closed,March,Q1,Dry Season,Stena Carron,Stena Drilling,Drillship,460000.0,2015
NPT00402,2023-03-08,W030,R002,Atlantic Energy Guyana,Stabroek,Appraisal,Mechanical,Generator Failure,Electrical Failure,OEM Vendor,2.0,38333.0,43940.0,82273.0,Minor,< $100K,Low,Unplanned,Day,OEM Inspection,Open,March,Q1,Dry Season,Stena Carron,Stena Drilling,Drillship,460000.0,2015
NPT00093,2023-03-10,W007,R001,Atlantic Energy Guyana,Stabroek,Exploration,Weather,Lightning,Lightning,Marine Operations,6.0,118750.0,152256.0,271006.0,Moderate,$250K - $500K,Medium,Unplanned,Night,Resume Operations,In Progress,March,Q1,Dry Season,Noble Bob Douglas,Noble,Drillship,475000.0,2013
NPT00453,2023-03-12,W034,R001,Atlantic Energy Guyana,Stabroek,Exploration,Mechanical,Top Drive Failure,Electrical Failure,OEM Vendor,4.0,79166.0,107969.0,187135.0,Minor,$100K - $250K,Low,Unplanned,Day,Repair Component,Closed,March,Q1,Dry Season,Noble Bob Douglas,Noble,Drillship,475000.0,2013
NPT00057,2023-03-15,W005,R002,Atlantic Energy Guyana,Stabroek,Development,Weather,Lightning,Lightning,Weather,4.0,76666.0,160965.0,237631.0,Minor,$100K - $250K,Low,Unplanned,Day,Suspend Operations,Closed,March,Q1,Dry Season,Stena Carron,Stena Drilling,Drillship,460000.0,2015
NPT00094,2023-03-16,W007,R001,Atlantic Energy Guyana,Stabroek,Exploration,Personnel,Training,Training Requirement,Medical Team,2.0,39583.0,85410.0,124993.0,Minor,$100K - $250K,Low,Unplanned,Day,Medical Clearance,Closed,March,Q1,Dry Season,Noble Bob Douglas,Noble,Drillship,475000.0,2013
NPT00454,2023-03-16,W034,R001,Atlantic Energy Guyana,Stabroek,Exploration,Drilling,Bit Failure,Formation Instability,Mud Engineering,4.0,79166.0,76620.0,155786.0,Minor,$100K - $250K,Low,Unplanned,Night,Adjust Drilling Parameters,Closed,March,Q1,Dry Season,Noble Bob Douglas,Noble,Drillship,475000.0,2013
NPT00403,2023-03-21,W030,R002,Atlantic Energy Guyana,Stabroek,Appraisal,Weather,High Waves,High Waves,Marine Operations,12.0,230000.0,429330.0,659330.0,Major,$500K - $1M,Medium,Unplanned,Day,Resume Operations,Closed,March,Q1,Dry Season,Stena Carron,Stena Drilling,Drillship,460000.0,2015
NPT00095,2023-03-23,W007,R001,Atlantic Energy Guyana,Stabroek,Exploration,Drilling,Hole Cleaning,Unexpected Pressure,Operator,8.0,158333.0,144349.0,302682.0,Moderate,$250K - $500K,Medium,Unplanned,Night,Condition Hole,Closed,March,Q1,Dry Season,Noble Bob Douglas,Noble,Drillship,475000.0,2013
NPT00650,2023-03-23,W048,R002,Atlantic Energy Guyana,Stabroek,Appraisal,Mechanical,Top Drive Failure,Equipment Wear,Maintenance Team,8.0,153333.0,294473.0,447806.0,Moderate,$250K - $500K,Medium,Unplanned,Night,OEM Inspection,In Progress,March,Q1,Dry Season,Stena Carron,Stena Drilling,Drillship,460000.0,2015
NPT00096,2023-03-24,W007,R001,Atlantic Energy Guyana,Stabroek,Exploration,Mechanical,Mud Pump Failure,Equipment Wear,OEM Vendor,18.0,356250.0,843510.0,1199760.0,Major,> $1M,High,Planned,Day,Replace Equipment,Closed,March,Q1,Dry Season,Noble Bob Douglas,Noble,Drillship,475000.0,2013
NPT00651,2023-03-24,W048,R002,Atlantic Energy Guyana,Stabroek,Appraisal,Weather,High Waves,High Waves,Weather,6.0,115000.0,70319.0,185319.0,Moderate,$100K - $250K,Medium,Unplanned,Night,Wait on Weather,Closed,March,Q1,Dry Season,Stena Carron,Stena Drilling,Drillship,460000.0,2015
NPT00097,2023-03-27,W007,R001,Atlantic Energy Guyana,Stabroek,Exploration,Mechanical,Generator Failure,Hydraulic Failure,OEM Vendor,2.0,39583.0,39917.0,79500.0,Minor,< $100K,Low,Unplanned,Night,Preventive Maintenance,Closed,March,Q1,Dry Season,Noble Bob Douglas,Noble,Drillship,475000.0,2013
NPT00652,2023-03-28,W048,R002,Atlantic Energy Guyana,Stabroek,Appraisal,Drilling,Hole Cleaning,Bit Wear,Directional Drilling,8.0,153333.0,289177.0,442510.0,Moderate,$250K - $500K,Medium,Unplanned,Night,Condition Hole,Closed,March,Q1,Dry Season,Stena Carron,Stena Drilling,Drillship,460000.0,2015
NPT00058,2023-03-29,W005,R002,Atlantic Energy Guyana,Stabroek,Development,Weather,Heavy Rain,Storm,Weather,6.0,115000.0,222173.0,337173.0,Moderate,$250K - $500K,Medium,Unplanned,Day,Wait on Weather,In Progress,March,Q1,Dry Season,Stena Carron,Stena Drilling,Drillship,460000.0,2015
NPT00653,2023-03-29,W048,R002,Atlantic Energy Guyana,Stabroek,Appraisal,Weather,Poor Visibility,Lightning,Weather,4.0,76666.0,130194.0,206860.0,Minor,$100K - $250K,Low,Unplanned,Day,Wait on Weather,In Progress,March,Q1,Dry Season,Stena Carron,Stena Drilling,Drillship,460000.0,2015
NPT00404,2023-03-30,W030,R002,Atlantic Energy Guyana,Stabroek,Appraisal,Mechanical,Power System Failure,Electrical Failure,Drilling Contractor,12.0,230000.0,418094.0,648094.0,Major,$500K - $1M,Medium,Unplanned,Day,Preventive Maintenance,Closed,March,Q1,Dry Season,Stena Carron,Stena Drilling,Drillship,460000.0,2015
NPT00654,2023-03-30,W048,R002,Atlantic Energy Guyana,Stabroek,Appraisal,Mechanical,Mud Pump Failure,Electrical Failure,Drilling Contractor,6.0,115000.0,272813.0,387813.0,Moderate,$250K - $500K,Medium,Unplanned,Night,OEM Inspection,Closed,March,Q1,Dry Season,Stena Carron,Stena Drilling,Drillship,460000.0,2015
NPT00098,2023-03-31,W007,R001,Atlantic Energy Guyana,Stabroek,Exploration,Mechanical,Draw Works Failure,Hydraulic Failure,Maintenance Team,6.0,118750.0,164765.0,283515.0,Moderate,$250K - $500K,Medium,Unplanned,Day,OEM Inspection,Closed,March,Q1,Dry Season,Noble Bob Douglas,Noble,Drillship,475000.0,2013
NPT00059,2023-03-31,W005,R002,Atlantic Energy Guyana,Stabroek,Development,Mechanical,Power System Failure,Electrical Failure,OEM Vendor,6.0,115000.0,185545.0,300545.0,Moderate,$250K - $500K,Medium,Unplanned,Night,Replace Equipment,Closed,March,Q1,Dry Season,Stena Carron,Stena Drilling,Drillship,460000.0,2015
NPT00655,2023-03-31,W048,R002,Atlantic Energy Guyana,Stabroek,Appraisal,Drilling,Lost Circulation,Bit Wear,Mud Engineering,6.0,115000.0,241901.0,356901.0,Moderate,$250K - $500K,Medium,Unplanned,Day,Increase Mud Weight,Closed,March,Q1,Dry Season,Stena Carron,Stena Drilling,Drillship,460000.0,2015
NPT00455,2023-04-01,W034,R001,Atlantic Energy Guyana,Stabroek,Exploration,Mechanical,Mud Pump Failure,Poor Preventive Maintenance,OEM Vendor,18.0,356250.0,284572.0,640822.0,Major,$500K - $1M,High,Unplanned,Day,Repair Component,Closed,April,Q2,Dry Season,Noble Bob Douglas,Noble,Drillship,475000.0,2013
NPT00405,2023-04-03,W030,R002,Atlantic Energy Guyana,Stabroek,Appraisal,Mechanical,BOP Repair,Electrical Failure,OEM Vendor,8.0,153333.0,123054.0,276387.0,Moderate,$250K - $500K,Medium,Unplanned,Day,Preventive Maintenance,Closed,April,Q2,Dry Season,Stena Carron,Stena Drilling,Drillship,460000.0,2015
NPT00189,2023-04-06,W014,R004,Atlantic Energy Guyana,Stabroek,Exploration,Personnel,Medical Evacuation,Training Requirement,Medical Team,2.0,40833.0,98245.0,139078.0,Minor,$100K - $250K,Low,Unplanned,Day,Medical Clearance,Closed,April,Q2,Dry Season,Noble Don Taylor,Noble,Drillship,490000.0,2020
NPT00060,2023-04-08,W005,R002,Atlantic Energy Guyana,Stabroek,Development,Weather,Strong Wind,Storm,Marine Operations,2.0,38333.0,51475.0,89808.0,Minor,< $100K,Low,Planned,Day,Suspend Operations,Closed,April,Q2,Dry Season,Stena Carron,Stena Drilling,Drillship,460000.0,2015
NPT00406,2023-04-08,W030,R002,Atlantic Energy Guyana,Stabroek,Appraisal,Mechanical,Power System Failure,Poor Preventive Maintenance,Maintenance Team,2.0,38333.0,94383.0,132716.0,Minor,$100K - $250K,Low,Unplanned,Day,Repair Component,Closed,April,Q2,Dry Season,Stena Carron,Stena Drilling,Drillship,460000.0,2015
NPT00456,2023-04-10,W034,R001,Atlantic Energy Guyana,Stabroek,Exploration,Weather,High Waves,Lightning,Marine Operations,8.0,158333.0,332867.0,491200.0,Moderate,$250K - $500K,Medium,Unplanned,Day,Wait on Weather,In Progress,April,Q2,Dry Season,Noble Bob Douglas,Noble,Drillship,475000.0,2013
NPT00407,2023-04-10,W030,R002,Atlantic Energy Guyana,Stabroek,Appraisal,Logistics,Waiting on Cement,Material Shortage,Marine Logistics,6.0,115000.0,69074.0,184074.0,Moderate,$100K - $250K,Medium,Unplanned,Night,Expedite Shipment,Closed,April,Q2,Dry Season,Stena Carron,Stena Drilling,Drillship,460000.0,2015
NPT00099,2023-04-11,W007,R001,Atlantic Energy Guyana,Stabroek,Exploration,Logistics,Fuel Supply Delay,Late Supply Vessel,Supply Chain,18.0,356250.0,426483.0,782733.0,Major,$500K - $1M,High,Unplanned,Night,Air Freight Materials,Closed,April,Q2,Dry Season,Noble Bob Douglas,Noble,Drillship,475000.0,2013
NPT00408,2023-04-11,W030,R002,Atlantic Energy Guyana,Stabroek,Appraisal,Mechanical,Power System Failure,Equipment Wear,Drilling Contractor,8.0,153333.0,169026.0,322359.0,Moderate,$250K - $500K,Medium,Unplanned,Night,Repair Component,In Progress,April,Q2,Dry Season,Stena Carron,Stena Drilling,Drillship,460000.0,2015
NPT00457,2023-04-13,W034,R001,Atlantic Energy Guyana,Stabroek,Exploration,Mechanical,Draw Works Failure,Electrical Failure,Drilling Contractor,4.0,79166.0,55237.0,134403.0,Minor,$100K - $250K,Low,Unplanned,Night,Preventive Maintenance,Closed,April,Q2,Dry Season,Noble Bob Douglas,Noble,Drillship,475000.0,2013
NPT00190,2023-04-13,W014,R004,Atlantic Energy Guyana,Stabroek,Exploration,Mechanical,Draw Works Failure,Electrical Failure,Drilling Contractor,4.0,81666.0,198783.0,280449.0,Minor,$250K - $500K,Low,Unplanned,Day,Preventive Maintenance,Closed,April,Q2,Dry Season,Noble Don Taylor,Noble,Drillship,490000.0,2020
NPT00100,2023-04-18,W007,R001,Atlantic Energy Guyana,Stabroek,Exploration,Mechanical,BOP Repair,Poor Preventive Maintenance,Maintenance Team,8.0,158333.0,357164.0,515497.0,Moderate,$500K - $1M,Medium,Unplanned,Day,Replace Equipment,Closed,April,Q2,Dry Season,Noble Bob Douglas,Noble,Drillship,475000.0,2013
NPT00409,2023-04-18,W030,R002,Atlantic Energy Guyana,Stabroek,Appraisal,Mechanical,Top Drive Failure,Electrical Failure,Drilling Contractor,4.0,76666.0,173634.0,250300.0,Minor,$250K - $500K,Low,Unplanned,Night,OEM Inspection,Open,April,Q2,Dry Season,Stena Carron,Stena Drilling,Drillship,460000.0,2015
NPT00656,2023-04-18,W048,R002,Atlantic Energy Guyana,Stabroek,Appraisal,Mechanical,BOP Repair,Equipment Wear,Maintenance Team,4.0,76666.0,85043.0,161709.0,Minor,$100K - $250K,Low,Unplanned,Day,Repair Component,Closed,April,Q2,Dry Season,Stena Carron,Stena Drilling,Drillship,460000.0,2015
NPT00001,2023-04-19,W001,R004,Atlantic Energy Guyana,Stabroek,Exploration,Logistics,Fuel Supply Delay,Customs Clearance,Procurement,2.0,40833.0,101446.0,142279.0,Minor,$100K - $250K,Low,Unplanned,Night,Expedite Shipment,Open,April,Q2,Dry Season,Noble Don Taylor,Noble,Drillship,490000.0,2020
NPT00211,2023-04-19,W016,R004,Atlantic Energy Guyana,Stabroek,Exploration,Logistics,Waiting on Cement,Late Supply Vessel,Marine Logistics,6.0,122500.0,96624.0,219124.0,Moderate,$100K - $250K,Medium,Unplanned,Day,Air Freight Materials,Closed,April,Q2,Dry Season,Noble Don Taylor,Noble,Drillship,490000.0,2020
NPT00657,2023-04-20,W048,R002,Atlantic Energy Guyana,Stabroek,Appraisal,Drilling,Stuck Pipe,Differential Sticking,Mud Engineering,6.0,115000.0,129108.0,244108.0,Moderate,$100K - $250K,Medium,Unplanned,Night,Increase Mud Weight,Closed,April,Q2,Dry Season,Stena Carron,Stena Drilling,Drillship,460000.0,2015
NPT00002,2023-04-22,W001,R004,Atlantic Energy Guyana,Stabroek,Exploration,Mechanical,BOP Repair,Electrical Failure,OEM Vendor,2.0,40833.0,70917.0,111750.0,Minor,$100K - $250K,Low,Unplanned,Day,Repair Component,Open,April,Q2,Dry Season,Noble Don Taylor,Noble,Drillship,490000.0,2020
NPT00061,2023-04-23,W005,R002,Atlantic Energy Guyana,Stabroek,Development,Logistics,Waiting on Materials,Material Shortage,Procurement,4.0,76666.0,100056.0,176722.0,Minor,$100K - $250K,Low,Unplanned,Night,Mobilize Supply Vessel,Closed,April,Q2,Dry Season,Stena Carron,Stena Drilling,Drillship,460000.0,2015
NPT00046,2023-04-24,W004,R002,Atlantic Energy Guyana,Stabroek,Exploration,Mechanical,Rotary Table Failure,Poor Preventive Maintenance,Maintenance Team,2.0,38333.0,23125.0,61458.0,Minor,< $100K,Low,Unplanned,Day,Preventive Maintenance,Closed,April,Q2,Dry Season,Stena Carron,Stena Drilling,Drillship,460000.0,2015
NPT00047,2023-04-25,W004,R002,Atlantic Energy Guyana,Stabroek,Exploration,Drilling,Bit Failure,Differential Sticking,Mud Engineering,2.0,38333.0,82098.0,120431.0,Minor,$100K - $250K,Low,Unplanned,Day,Adjust Drilling Parameters,Closed,April,Q2,Dry Season,Stena Carron,Stena Drilling,Drillship,460000.0,2015
NPT00062,2023-04-27,W005,R002,Atlantic Energy Guyana,Stabroek,Development,Personnel,Medical Evacuation,Training Requirement,HR,8.0,153333.0,97266.0,250599.0,Moderate,$250K - $500K,Medium,Unplanned,Night,Safety Briefing,Closed,April,Q2,Dry Season,Stena Carron,Stena Drilling,Drillship,460000.0,2015
NPT00458,2023-04-28,W034,R001,Atlantic Energy Guyana,Stabroek,Exploration,Weather,Poor Visibility,Storm,Weather,4.0,79166.0,124715.0,203881.0,Minor,$100K - $250K,Low,Unplanned,Day,Suspend Operations,Closed,April,Q2,Dry Season,Noble Bob Douglas,Noble,Drillship,475000.0,2013
NPT00459,2023-04-29,W034,R001,Atlantic Energy Guyana,Stabroek,Exploration,Mechanical,Top Drive Failure,Equipment Wear,Maintenance Team,2.0,39583.0,57298.0,96881.0,Minor,< $100K,Low,Unplanned,Day,Repair Component,Closed,April,Q2,Dry Season,Noble Bob Douglas,Noble,Drillship,475000.0,2013
NPT00003,2023-04-29,W001,R004,Atlantic Energy Guyana,Stabroek,Exploration,Logistics,Waiting on Cement,Material Shortage,Supply Chain,2.0,40833.0,60855.0,101688.0,Minor,$100K - $250K,Low,Unplanned,Day,Expedite Shipment,In Progress,April,Q2,Dry Season,Noble Don Taylor,Noble,Drillship,490000.0,2020
NPT00212,2023-04-29,W016,R004,Atlantic Energy Guyana,Stabroek,Exploration,Mechanical,Top Drive Failure,Electrical Failure,Maintenance Team,6.0,122500.0,78520.0,201020.0,Moderate,$100K - $250K,Medium,Unplanned,Day,Repair Component,In Progress,April,Q2,Dry Season,Noble Don Taylor,Noble,Drillship,490000.0,2020
NPT00004,2023-04-30,W001,R004,Atlantic Energy Guyana,Stabroek,Exploration,Logistics,Fuel Supply Delay,Material Shortage,Marine Logistics,6.0,122500.0,251157.0,373657.0,Moderate,$250K - $500K,Medium,Unplanned,Day,Expedite Shipment,Closed,April,Q2,Dry Season,Noble Don Taylor,Noble,Drillship,490000.0,2020
NPT00191,2023-04-30,W014,R004,Atlantic Energy Guyana,Stabroek,Exploration,Logistics,Waiting on Cement,Port Congestion,Procurement,4.0,81666.0,60188.0,141854.0,Minor,$100K - $250K,Low,Planned,Day,Expedite Shipment,Closed,April,Q2,Dry Season,Noble Don Taylor,Noble,Drillship,490000.0,2020
NPT00460,2023-05-01,W034,R001,Atlantic Energy Guyana,Stabroek,Exploration,Logistics,Waiting on Materials,Late Supply Vessel,Supply Chain,4.0,79166.0,187319.0,266485.0,Minor,$250K - $500K,Low,Unplanned,Day,Air Freight Materials,Closed,May,Q2,Long Rainy Season,Noble Bob Douglas,Noble,Drillship,475000.0,2013
NPT00063,2023-05-01,W005,R002,Atlantic Energy Guyana,Stabroek,Development,Mechanical,BOP Repair,Equipment Wear,OEM Vendor,8.0,153333.0,252476.0,405809.0,Moderate,$250K - $500K,Medium,Unplanned,Night,Repair Component,Closed,May,Q2,Long Rainy Season,Stena Carron,Stena Drilling,Drillship,460000.0,2015
NPT00005,2023-05-05,W001,R004,Atlantic Energy Guyana,Stabroek,Exploration,Mechanical,Top Drive Failure,OEM Defect,Drilling Contractor,6.0,122500.0,128869.0,251369.0,Moderate,$250K - $500K,Medium,Unplanned,Night,Repair Component,Closed,May,Q2,Long Rainy Season,Noble Don Taylor,Noble,Drillship,490000.0,2020
NPT00192,2023-05-05,W014,R004,Atlantic Energy Guyana,Stabroek,Exploration,Drilling,Stuck Pipe,Bit Wear,Operator,12.0,245000.0,508399.0,753399.0,Major,$500K - $1M,Medium,Unplanned,Night,Run Fishing Tools,Closed,May,Q2,Long Rainy Season,Noble Don Taylor,Noble,Drillship,490000.0,2020
NPT00213,2023-05-05,W016,R004,Atlantic Energy Guyana,Stabroek,Exploration,Weather,Lightning,Strong Wind,Weather,6.0,122500.0,264246.0,386746.0,Moderate,$250K - $500K,Medium,Unplanned,Day,Wait on Weather,Closed,May,Q2,Long Rainy Season,Noble Don Taylor,Noble,Drillship,490000.0,2020
NPT00461,2023-05-08,W034,R001,Atlantic Energy Guyana,Stabroek,Exploration,Mechanical,Rotary Table Failure,Equipment Wear,Maintenance Team,4.0,79166.0,45728.0,124894.0,Minor,$100K - $250K,Low,Unplanned,Night,OEM Inspection,Closed,May,Q2,Long Rainy Season,Noble Bob Douglas,Noble,Drillship,475000.0,2013
NPT00048,2023-05-08,W004,R002,Atlantic Energy Guyana,Stabroek,Exploration,Weather,Lightning,Lightning,Marine Operations,2.0,38333.0,95062.0,133395.0,Minor,$100K - $250K,Low,Unplanned,Day,Wait on Weather,Open,May,Q2,Long Rainy Season,Stena Carron,Stena Drilling,Drillship,460000.0,2015
NPT00006,2023-05-08,W001,R004,Atlantic Energy Guyana,Stabroek,Exploration,Weather,High Waves,Strong Wind,Weather,8.0,163333.0,105854.0,269187.0,Moderate,$250K - $500K,Medium,Unplanned,Night,Wait on Weather,Closed,May,Q2,Long Rainy Season,Noble Don Taylor,Noble,Drillship,490000.0,2020
NPT00064,2023-05-09,W005,R002,Atlantic Energy Guyana,Stabroek,Development,Drilling,Hole Cleaning,Formation Instability,Mud Engineering,4.0,76666.0,183892.0,260558.0,Minor,$250K - $500K,Low,Unplanned,Night,Adjust Drilling Parameters,Closed,May,Q2,Long Rainy Season,Stena Carron,Stena Drilling,Drillship,460000.0,2015
NPT00007,2023-05-10,W001,R004,Atlantic Energy Guyana,Stabroek,Exploration,Drilling,Fishing Operation,Differential Sticking,Operator,4.0,81666.0,85703.0,167369.0,Minor,$100K - $250K,Low,Unplanned,Night,Adjust Drilling Parameters,Closed,May,Q2,Long Rainy Season,Noble Don Taylor,Noble,Drillship,490000.0,2020
NPT00065,2023-05-12,W005,R002,Atlantic Energy Guyana,Stabroek,Development,Weather,Strong Wind,Strong Wind,Marine Operations,6.0,115000.0,134376.0,249376.0,Moderate,$100K - $250K,Medium,Planned,Day,Wait on Weather,Closed,May,Q2,Long Rainy Season,Stena Carron,Stena Drilling,Drillship,460000.0,2015
NPT00232,2023-05-12,W018,R004,Atlantic Energy Guyana,Stabroek,Exploration,Weather,Poor Visibility,Storm,Marine Operations,6.0,122500.0,92594.0,215094.0,Moderate,$100K - $250K,Medium,Unplanned,Night,Wait on Weather,Closed,May,Q2,Long Rainy Season,Noble Don Taylor,Noble,Drillship,490000.0,2020
NPT00193,2023-05-13,W014,R004,Atlantic Energy Guyana,Stabroek,Exploration,Weather,Heavy Rain,High Waves,Marine Operations,2.0,40833.0,98036.0,138869.0,Minor,$100K - $250K,Low,Unplanned,Night,Suspend Operations,In Progress,May,Q2,Long Rainy Season,Noble Don Taylor,Noble,Drillship,490000.0,2020
NPT00066,2023-05-14,W005,R002,Atlantic Energy Guyana,Stabroek,Development,Mechanical,Top Drive Failure,Equipment Wear,Drilling Contractor,6.0,115000.0,241365.0,356365.0,Moderate,$250K - $500K,Medium,Unplanned,Day,Replace Equipment,Closed,May,Q2,Long Rainy Season,Stena Carron,Stena Drilling,Drillship,460000.0,2015
NPT00214,2023-05-15,W016,R004,Atlantic Energy Guyana,Stabroek,Exploration,Weather,Heavy Rain,Lightning,Marine Operations,2.0,40833.0,90548.0,131381.0,Minor,$100K - $250K,Low,Unplanned,Night,Wait on Weather,Closed,May,Q2,Long Rainy Season,Noble Don Taylor,Noble,Drillship,490000.0,2020
NPT00111,2023-05-18,W009,R001,Atlantic Energy Guyana,Stabroek,Exploration,Weather,High Waves,Lightning,Marine Operations,2.0,39583.0,93632.0,133215.0,Minor,$100K - $250K,Low,Unplanned,Night,Resume Operations,Closed,May,Q2,Long Rainy Season,Noble Bob Douglas,Noble,Drillship,475000.0,2013
NPT00462,2023-05-18,W034,R001,Atlantic Energy Guyana,Stabroek,Exploration,Logistics,Waiting on Boat,Material Shortage,Procurement,2.0,39583.0,75663.0,115246.0,Minor,$100K - $250K,Low,Unplanned,Day,Expedite Shipment,Closed,May,Q2,Long Rainy Season,Noble Bob Douglas,Noble,Drillship,475000.0,2013
NPT00008,2023-05-18,W001,R004,Atlantic Energy Guyana,Stabroek,Exploration,Drilling,Lost Circulation,Differential Sticking,Operator,2.0,40833.0,94533.0,135366.0,Minor,$100K - $250K,Low,Unplanned,Day,Increase Mud Weight,Closed,May,Q2,Long Rainy Season,Noble Don Taylor,Noble,Drillship,490000.0,2020
NPT00067,2023-05-19,W005,R002,Atlantic Energy Guyana,Stabroek,Development,Logistics,Delayed Helicopter,Late Supply Vessel,Marine Logistics,4.0,76666.0,150606.0,227272.0,Minor,$100K - $250K,Low,Unplanned,Day,Mobilize Supply Vessel,Closed,May,Q2,Long Rainy Season,Stena Carron,Stena Drilling,Drillship,460000.0,2015
NPT00049,2023-05-21,W004,R002,Atlantic Energy Guyana,Stabroek,Exploration,Drilling,Stuck Pipe,Differential Sticking,Mud Engineering,12.0,230000.0,495852.0,725852.0,Major,$500K - $1M,Medium,Unplanned,Day,Increase Mud Weight,Closed,May,Q2,Long Rainy Season,Stena Carron,Stena Drilling,Drillship,460000.0,2015
NPT00112,2023-05-23,W009,R001,Atlantic Energy Guyana,Stabroek,Exploration,Drilling,Bit Failure,Formation Instability,Mud Engineering,4.0,79166.0,43669.0,122835.0,Minor,$100K - $250K,Low,Unplanned,Day,Increase Mud Weight,Open,May,Q2,Long Rainy Season,Noble Bob Douglas,Noble,Drillship,475000.0,2013
NPT00009,2023-05-23,W001,R004,Atlantic Energy Guyana,Stabroek,Exploration,Weather,Lightning,Storm,Weather,4.0,81666.0,108862.0,190528.0,Minor,$100K - $250K,Low,Unplanned,Day,Suspend Operations,In Progress,May,Q2,Long Rainy Season,Noble Don Taylor,Noble,Drillship,490000.0,2020
NPT00113,2023-05-24,W009,R001,Atlantic Energy Guyana,Stabroek,Exploration,Logistics,Fuel Supply Delay,Customs Clearance,Supply Chain,6.0,118750.0,110684.0,229434.0,Moderate,$100K - $250K,Medium,Unplanned,Day,Air Freight Materials,Closed,May,Q2,Long Rainy Season,Noble Bob Douglas,Noble,Drillship,475000.0,2013
NPT00215,2023-05-24,W016,R004,Atlantic Energy Guyana,Stabroek,Exploration,Mechanical,Generator Failure,Hydraulic Failure,Drilling Contractor,8.0,163333.0,216971.0,380304.0,Moderate,$250K - $500K,Medium,Unplanned,Day,Repair Component,Closed,May,Q2,Long Rainy Season,Noble Don Taylor,Noble,Drillship,490000.0,2020
NPT00233,2023-05-24,W018,R004,Atlantic Energy Guyana,Stabroek,Exploration,Logistics,Fuel Supply Delay,Port Congestion,Supply Chain,24.0,490000.0,397460.0,887460.0,Critical,$500K - $1M,High,Unplanned,Day,Air Freight Materials,Open,May,Q2,Long Rainy Season,Noble Don Taylor,Noble,Drillship,490000.0,2020
NPT00010,2023-05-26,W001,R004,Atlantic Energy Guyana,Stabroek,Exploration,Weather,High Waves,High Waves,Marine Operations,4.0,81666.0,124254.0,205920.0,Minor,$100K - $250K,Low,Unplanned,Night,Wait on Weather,Open,May,Q2,Long Rainy Season,Noble Don Taylor,Noble,Drillship,490000.0,2020
NPT00216,2023-05-27,W016,R004,Atlantic Energy Guyana,Stabroek,Exploration,Drilling,Well Control,Unexpected Pressure,Directional Drilling,2.0,40833.0,42270.0,83103.0,Minor,< $100K,Low,Unplanned,Day,Condition Hole,In Progress,May,Q2,Long Rainy Season,Noble Don Taylor,Noble,Drillship,490000.0,2020
NPT00114,2023-05-28,W009,R001,Atlantic Energy Guyana,Stabroek,Exploration,Drilling,Lost Circulation,Formation Instability,Directional Drilling,24.0,475000.0,464721.0,939721.0,Critical,$500K - $1M,High,Planned,Night,Run Fishing Tools,Closed,May,Q2,Long Rainy Season,Noble Bob Douglas,Noble,Drillship,475000.0,2013
NPT00463,2023-05-28,W034,R001,Atlantic Energy Guyana,Stabroek,Exploration,Drilling,Hole Cleaning,Bit Wear,Operator,2.0,39583.0,22675.0,62258.0,Minor,< $100K,Low,Unplanned,Night,Run Fishing Tools,Open,May,Q2,Long Rainy Season,Noble Bob Douglas,Noble,Drillship,475000.0,2013
NPT00234,2023-05-28,W018,R004,Atlantic Energy Guyana,Stabroek,Exploration,Drilling,Fishing Operation,Formation Instability,Operator,2.0,40833.0,48398.0,89231.0,Minor,< $100K,Low,Unplanned,Night,Condition Hole,In Progress,May,Q2,Long Rainy Season,Noble Don Taylor,Noble,Drillship,490000.0,2020
NPT00115,2023-05-29,W009,R001,Atlantic Energy Guyana,Stabroek,Exploration,Mechanical,Rotary Table Failure,Electrical Failure,OEM Vendor,6.0,118750.0,114628.0,233378.0,Moderate,$100K - $250K,Medium,Unplanned,Night,OEM Inspection,In Progress,May,Q2,Long Rainy Season,Noble Bob Douglas,Noble,Drillship,475000.0,2013
NPT00068,2023-05-29,W005,R002,Atlantic Energy Guyana,Stabroek,Development,Drilling,Stuck Pipe,Bit Wear,Directional Drilling,4.0,76666.0,67864.0,144530.0,Minor,$100K - $250K,Low,Unplanned,Day,Condition Hole,Closed,May,Q2,Long Rainy Season,Stena Carron,Stena Drilling,Drillship,460000.0,2015
NPT00011,2023-05-29,W001,R004,Atlantic Energy Guyana,Stabroek,Exploration,Weather,Heavy Rain,High Waves,Weather,2.0,40833.0,78584.0,119417.0,Minor,$100K - $250K,Low,Unplanned,Day,Suspend Operations,Closed,May,Q2,Long Rainy Season,Noble Don Taylor,Noble,Drillship,490000.0,2020
NPT00069,2023-05-30,W005,R002,Atlantic Energy Guyana,Stabroek,Development,Weather,Poor Visibility,Storm,Marine Operations,2.0,38333.0,69012.0,107345.0,Minor,$100K - $250K,Low,Unplanned,Day,Resume Operations,Closed,May,Q2,Long Rainy Season,Stena Carron,Stena Drilling,Drillship,460000.0,2015
NPT00012,2023-05-30,W001,R004,Atlantic Energy Guyana,Stabroek,Exploration,Logistics,Waiting on Materials,Late Supply Vessel,Marine Logistics,4.0,81666.0,152013.0,233679.0,Minor,$100K - $250K,Low,Planned,Day,Expedite Shipment,Closed,May,Q2,Long Rainy Season,Noble Don Taylor,Noble,Drillship,490000.0,2020
NPT00235,2023-05-31,W018,R004,Atlantic Energy Guyana,Stabroek,Exploration,Weather,Heavy Rain,Strong Wind,Weather,2.0,40833.0,71375.0,112208.0,Minor,$100K - $250K,Low,Unplanned,Day,Resume Operations,In Progress,May,Q2,Long Rainy Season,Noble Don Taylor,Noble,Drillship,490000.0,2020
NPT00194,2023-06-03,W014,R004,Atlantic Energy Guyana,Stabroek,Exploration,Mechanical,Power System Failure,Electrical Failure,Drilling Contractor,4.0,81666.0,154123.0,235789.0,Minor,$100K - $250K,Low,Unplanned,Night,Replace Equipment,Closed,June,Q2,Long Rainy Season,Noble Don Taylor,Noble,Drillship,490000.0,2020
NPT00236,2023-06-03,W018,R004,Atlantic Energy Guyana,Stabroek,Exploration,Weather,Strong Wind,High Waves,Marine Operations,4.0,81666.0,130214.0,211880.0,Minor,$100K - $250K,Low,Unplanned,Day,Resume Operations,Closed,June,Q2,Long Rainy Season,Noble Don Taylor,Noble,Drillship,490000.0,2020
NPT00013,2023-06-04,W001,R004,Atlantic Energy Guyana,Stabroek,Exploration,Weather,High Waves,Lightning,Weather,6.0,122500.0,139841.0,262341.0,Moderate,$250K - $500K,Medium,Unplanned,Day,Resume Operations,Closed,June,Q2,Long Rainy Season,Noble Don Taylor,Noble,Drillship,490000.0,2020
NPT00014,2023-06-06,W001,R004,Atlantic Energy Guyana,Stabroek,Exploration,Drilling,Well Control,Unexpected Pressure,Mud Engineering,6.0,122500.0,230529.0,353029.0,Moderate,$250K - $500K,Medium,Unplanned,Night,Run Fishing Tools,In Progress,June,Q2,Long Rainy Season,Noble Don Taylor,Noble,Drillship,490000.0,2020
NPT00237,2023-06-07,W018,R004,Atlantic Energy Guyana,Stabroek,Exploration,Mechanical,Generator Failure,Equipment Wear,Drilling Contractor,4.0,81666.0,121285.0,202951.0,Minor,$100K - $250K,Low,Unplanned,Day,OEM Inspection,Closed,June,Q2,Long Rainy Season,Noble Don Taylor,Noble,Drillship,490000.0,2020
NPT00015,2023-06-09,W001,R004,Atlantic Energy Guyana,Stabroek,Exploration,Weather,High Waves,Storm,Marine Operations,12.0,245000.0,394548.0,639548.0,Major,$500K - $1M,Medium,Unplanned,Night,Wait on Weather,Closed,June,Q2,Long Rainy Season,Noble Don Taylor,Noble,Drillship,490000.0,2020
NPT00050,2023-06-11,W004,R002,Atlantic Energy Guyana,Stabroek,Exploration,Weather,Heavy Rain,Heavy Rain,Marine Operations,4.0,76666.0,120129.0,196795.0,Minor,$100K - $250K,Low,Unplanned,Night,Wait on Weather,Closed,June,Q2,Long Rainy Season,Stena Carron,Stena Drilling,Drillship,460000.0,2015
NPT00195,2023-06-11,W014,R004,Atlantic Energy Guyana,Stabroek,Exploration,Mechanical,Rotary Table Failure,Equipment Wear,Drilling Contractor,4.0,81666.0,77766.0,159432.0,Minor,$100K - $250K,Low,Unplanned,Day,Replace Equipment,Closed,June,Q2,Long Rainy Season,Noble Don Taylor,Noble,Drillship,490000.0,2020
NPT00217,2023-06-11,W016,R004,Atlantic Energy Guyana,Stabroek,Exploration,Logistics,Waiting on Boat,Late Supply Vessel,Supply Chain,4.0,81666.0,165749.0,247415.0,Minor,$100K - $250K,Low,Unplanned,Day,Mobilize Supply Vessel,In Progress,June,Q2,Long Rainy Season,Noble Don Taylor,Noble,Drillship,490000.0,2020
NPT00605,2023-06-11,W045,R004,Atlantic Energy Guyana,Stabroek,Exploration,Weather,Poor Visibility,Strong Wind,Marine Operations,18.0,367500.0,851850.0,1219350.0,Major,> $1M,High,Unplanned,Night,Suspend Operations,Closed,June,Q2,Long Rainy Season,Noble Don Taylor,Noble,Drillship,490000.0,2020
NPT00016,2023-06-12,W001,R004,Atlantic Energy Guyana,Stabroek,Exploration,Drilling,Hole Cleaning,Unexpected Pressure,Mud Engineering,4.0,81666.0,185722.0,267388.0,Minor,$250K - $500K,Low,Unplanned,Night,Increase Mud Weight,Closed,June,Q2,Long Rainy Season,Noble Don Taylor,Noble,Drillship,490000.0,2020
NPT00116,2023-06-14,W009,R001,Atlantic Energy Guyana,Stabroek,Exploration,Weather,Poor Visibility,Storm,Marine Operations,2.0,39583.0,69610.0,109193.0,Minor,$100K - $250K,Low,Unplanned,Day,Resume Operations,Closed,June,Q2,Long Rainy Season,Noble Bob Douglas,Noble,Drillship,475000.0,2013
NPT00017,2023-06-15,W001,R004,Atlantic Energy Guyana,Stabroek,Exploration,Mechanical,Rotary Table Failure,Poor Preventive Maintenance,Maintenance Team,4.0,81666.0,90708.0,172374.0,Minor,$100K - $250K,Low,Unplanned,Night,Preventive Maintenance,In Progress,June,Q2,Long Rainy Season,Noble Don Taylor,Noble,Drillship,490000.0,2020
NPT00196,2023-06-15,W014,R004,Atlantic Energy Guyana,Stabroek,Exploration,Drilling,Fishing Operation,Unexpected Pressure,Directional Drilling,6.0,122500.0,135468.0,257968.0,Moderate,$250K - $500K,Medium,Unplanned,Night,Increase Mud Weight,Closed,June,Q2,Long Rainy Season,Noble Don Taylor,Noble,Drillship,490000.0,2020
NPT00117,2023-06-16,W009,R001,Atlantic Energy Guyana,Stabroek,Exploration,Mechanical,Top Drive Failure,Electrical Failure,Drilling Contractor,6.0,118750.0,89584.0,208334.0,Moderate,$100K - $250K,Medium,Unplanned,Day,OEM Inspection,In Progress,June,Q2,Long Rainy Season,Noble Bob Douglas,Noble,Drillship,475000.0,2013
NPT00238,2023-06-16,W018,R004,Atlantic Energy Guyana,Stabroek,Exploration,Mechanical,Top Drive Failure,Equipment Wear,Drilling Contractor,6.0,122500.0,117557.0,240057.0,Moderate,$100K - $250K,Medium,Unplanned,Day,Repair Component,Closed,June,Q2,Long Rainy Season,Noble Don Taylor,Noble,Drillship,490000.0,2020
NPT00051,2023-06-18,W004,R002,Atlantic Energy Guyana,Stabroek,Exploration,Drilling,Lost Circulation,Formation Instability,Mud Engineering,4.0,76666.0,57881.0,134547.0,Minor,$100K - $250K,Low,Unplanned,Day,Run Fishing Tools,Closed,June,Q2,Long Rainy Season,Stena Carron,Stena Drilling,Drillship,460000.0,2015
NPT00018,2023-06-20,W001,R004,Atlantic Energy Guyana,Stabroek,Exploration,Weather,Lightning,Heavy Rain,Marine Operations,6.0,122500.0,205768.0,328268.0,Moderate,$250K - $500K,Medium,Unplanned,Night,Suspend Operations,In Progress,June,Q2,Long Rainy Season,Noble Don Taylor,Noble,Drillship,490000.0,2020
NPT00239,2023-06-20,W018,R004,Atlantic Energy Guyana,Stabroek,Exploration,Drilling,Fishing Operation,Formation Instability,Directional Drilling,2.0,40833.0,96130.0,136963.0,Minor,$100K - $250K,Low,Unplanned,Night,Increase Mud Weight,In Progress,June,Q2,Long Rainy Season,Noble Don Taylor,Noble,Drillship,490000.0,2020
NPT00052,2023-06-21,W004,R002,Atlantic Energy Guyana,Stabroek,Exploration,Weather,Lightning,Lightning,Weather,6.0,115000.0,137010.0,252010.0,Moderate,$250K - $500K,Medium,Unplanned,Day,Wait on Weather,In Progress,June,Q2,Long Rainy Season,Stena Carron,Stena Drilling,Drillship,460000.0,2015
NPT00658,2023-06-23,W049,R003,Atlantic Energy Guyana,Stabroek,Development,Logistics,Waiting on Boat,Customs Clearance,Supply Chain,4.0,80000.0,121829.0,201829.0,Minor,$100K - $250K,Low,Unplanned,Day,Mobilize Supply Vessel,In Progress,June,Q2,Long Rainy Season,Stena DrillMAX,Stena Drilling,Drillship,480000.0,2018
NPT00240,2023-06-23,W018,R004,Atlantic Energy Guyana,Stabroek,Exploration,Weather,Heavy Rain,Storm,Marine Operations,4.0,81666.0,202290.0,283956.0,Minor,$250K - $500K,Low,Unplanned,Night,Wait on Weather,Closed,June,Q2,Long Rainy Season,Noble Don Taylor,Noble,Drillship,490000.0,2020
NPT00606,2023-06-23,W045,R004,Atlantic Energy Guyana,Stabroek,Exploration,Mechanical,Generator Failure,Poor Preventive Maintenance,OEM Vendor,2.0,40833.0,55477.0,96310.0,Minor,< $100K,Low,Unplanned,Night,Replace Equipment,Open,June,Q2,Long Rainy Season,Noble Don Taylor,Noble,Drillship,490000.0,2020
NPT00241,2023-06-24,W018,R004,Atlantic Energy Guyana,Stabroek,Exploration,Weather,Poor Visibility,Storm,Weather,6.0,122500.0,74361.0,196861.0,Moderate,$100K - $250K,Medium,Unplanned,Night,Wait on Weather,Closed,June,Q2,Long Rainy Season,Noble Don Taylor,Noble,Drillship,490000.0,2020
NPT00118,2023-06-25,W009,R001,Atlantic Energy Guyana,Stabroek,Exploration,Mechanical,Top Drive Failure,Equipment Wear,Drilling Contractor,4.0,79166.0,182360.0,261526.0,Minor,$250K - $500K,Low,Unplanned,Night,Repair Component,Open,June,Q2,Long Rainy Season,Noble Bob Douglas,Noble,Drillship,475000.0,2013
NPT00607,2023-06-25,W045,R004,Atlantic Energy Guyana,Stabroek,Exploration,Drilling,Lost Circulation,Formation Instability,Directional Drilling,8.0,163333.0,376966.0,540299.0,Moderate,$500K - $1M,Medium,Planned,Night,Adjust Drilling Parameters,Closed,June,Q2,Long Rainy Season,Noble Don Taylor,Noble,Drillship,490000.0,2020
NPT00608,2023-06-26,W045,R004,Atlantic Energy Guyana,Stabroek,Exploration,Logistics,Fuel Supply Delay,Late Supply Vessel,Marine Logistics,2.0,40833.0,67011.0,107844.0,Minor,$100K - $250K,Low,Unplanned,Night,Expedite Shipment,Closed,June,Q2,Long Rainy Season,Noble Don Taylor,Noble,Drillship,490000.0,2020
NPT00218,2023-06-30,W016,R004,Atlantic Energy Guyana,Stabroek,Exploration,Weather,Poor Visibility,Heavy Rain,Marine Operations,4.0,81666.0,146635.0,228301.0,Minor,$100K - $250K,Low,Unplanned,Day,Resume Operations,Closed,June,Q2,Long Rainy Season,Noble Don Taylor,Noble,Drillship,490000.0,2020
NPT00219,2023-07-01,W016,R004,Atlantic Energy Guyana,Stabroek,Exploration,Weather,Strong Wind,Strong Wind,Marine Operations,8.0,163333.0,228822.0,392155.0,Moderate,$250K - $500K,Medium,Unplanned,Day,Suspend Operations,Closed,July,Q3,Long Rainy Season,Noble Don Taylor,Noble,Drillship,490000.0,2020
NPT00119,2023-07-02,W009,R001,Atlantic Energy Guyana,Stabroek,Exploration,Weather,Heavy Rain,Lightning,Weather,4.0,79166.0,143929.0,223095.0,Minor,$100K - $250K,Low,Planned,Day,Suspend Operations,Closed,July,Q3,Long Rainy Season,Noble Bob Douglas,Noble,Drillship,475000.0,2013
NPT00053,2023-07-02,W004,R002,Atlantic Energy Guyana,Stabroek,Exploration,Drilling,Fishing Operation,Unexpected Pressure,Operator,2.0,38333.0,24450.0,62783.0,Minor,< $100K,Low,Unplanned,Night,Adjust Drilling Parameters,Closed,July,Q3,Long Rainy Season,Stena Carron,Stena Drilling,Drillship,460000.0,2015
NPT00609,2023-07-02,W045,R004,Atlantic Energy Guyana,Stabroek,Exploration,Weather,Heavy Rain,Heavy Rain,Weather,12.0,245000.0,133994.0,378994.0,Major,$250K - $500K,Medium,Unplanned,Day,Resume Operations,Closed,July,Q3,Long Rainy Season,Noble Don Taylor,Noble,Drillship,490000.0,2020
NPT00054,2023-07-03,W004,R002,Atlantic Energy Guyana,Stabroek,Exploration,Mechanical,Top Drive Failure,Electrical Failure,OEM Vendor,2.0,38333.0,89763.0,128096.0,Minor,$100K - $250K,Low,Unplanned,Night,Replace Equipment,In Progress,July,Q3,Long Rainy Season,Stena Carron,Stena Drilling,Drillship,460000.0,2015
NPT00019,2023-07-03,W001,R004,Atlantic Energy Guyana,Stabroek,Exploration,Logistics,Delayed Helicopter,Material Shortage,Supply Chain,4.0,81666.0,198718.0,280384.0,Minor,$250K - $500K,Low,Planned,Night,Expedite Shipment,Closed,July,Q3,Long Rainy Season,Noble Don Taylor,Noble,Drillship,490000.0,2020
NPT00120,2023-07-04,W009,R001,Atlantic Energy Guyana,Stabroek,Exploration,Mechanical,Draw Works Failure,OEM Defect,Maintenance Team,4.0,79166.0,68905.0,148071.0,Minor,$100K - $250K,Low,Unplanned,Night,Preventive Maintenance,Closed,July,Q3,Long Rainy Season,Noble Bob Douglas,Noble,Drillship,475000.0,2013
NPT00121,2023-07-06,W009,R001,Atlantic Energy Guyana,Stabroek,Exploration,Drilling,Lost Circulation,Differential Sticking,Mud Engineering,6.0,118750.0,291172.0,409922.0,Moderate,$250K - $500K,Medium,Unplanned,Night,Adjust Drilling Parameters,In Progress,July,Q3,Long Rainy Season,Noble Bob Douglas,Noble,Drillship,475000.0,2013
NPT00220,2023-07-06,W016,R004,Atlantic Energy Guyana,Stabroek,Exploration,Weather,Heavy Rain,Heavy Rain,Marine Operations,4.0,81666.0,192615.0,274281.0,Minor,$250K - $500K,Low,Unplanned,Day,Resume Operations,Closed,July,Q3,Long Rainy Season,Noble Don Taylor,Noble,Drillship,490000.0,2020
NPT00610,2023-07-07,W045,R004,Atlantic Energy Guyana,Stabroek,Exploration,Mechanical,BOP Repair,Poor Preventive Maintenance,Drilling Contractor,4.0,81666.0,186247.0,267913.0,Minor,$250K - $500K,Low,Unplanned,Night,Replace Equipment,Closed,July,Q3,Long Rainy Season,Noble Don Taylor,Noble,Drillship,490000.0,2020
NPT00122,2023-07-08,W009,R001,Atlantic Energy Guyana,Stabroek,Exploration,Weather,Lightning,High Waves,Marine Operations,6.0,118750.0,128920.0,247670.0,Moderate,$100K - $250K,Medium,Planned,Night,Suspend Operations,Closed,July,Q3,Long Rainy Season,Noble Bob Douglas,Noble,Drillship,475000.0,2013
NPT00055,2023-07-08,W004,R002,Atlantic Energy Guyana,Stabroek,Exploration,Weather,Lightning,High Waves,Marine Operations,4.0,76666.0,91438.0,168104.0,Minor,$100K - $250K,Low,Unplanned,Day,Resume Operations,Closed,July,Q3,Long Rainy Season,Stena Carron,Stena Drilling,Drillship,460000.0,2015
NPT00356,2023-07-08,W027,R002,Atlantic Energy Guyana,Stabroek,Appraisal,Drilling,Fishing Operation,Differential Sticking,Directional Drilling,18.0,345000.0,565252.0,910252.0,Major,$500K - $1M,High,Unplanned,Night,Adjust Drilling Parameters,In Progress,July,Q3,Long Rainy Season,Stena Carron,Stena Drilling,Drillship,460000.0,2015
NPT00242,2023-07-08,W018,R004,Atlantic Energy Guyana,Stabroek,Exploration,Drilling,Hole Cleaning,Unexpected Pressure,Mud Engineering,8.0,163333.0,204429.0,367762.0,Moderate,$250K - $500K,Medium,Unplanned,Night,Run Fishing Tools,Closed,July,Q3,Long Rainy Season,Noble Don Taylor,Noble,Drillship,490000.0,2020
NPT00519,2023-07-09,W039,R002,Atlantic Energy Guyana,Stabroek,Development,Drilling,Hole Cleaning,Unexpected Pressure,Mud Engineering,4.0,76666.0,145357.0,222023.0,Minor,$100K - $250K,Low,Unplanned,Day,Run Fishing Tools,Closed,July,Q3,Long Rainy Season,Stena Carron,Stena Drilling,Drillship,460000.0,2015
NPT00611,2023-07-11,W045,R004,Atlantic Energy Guyana,Stabroek,Exploration,Logistics,Waiting on Materials,Material Shortage,Procurement,6.0,122500.0,64878.0,187378.0,Moderate,$100K - $250K,Medium,Unplanned,Day,Expedite Shipment,Closed,July,Q3,Long Rainy Season,Noble Don Taylor,Noble,Drillship,490000.0,2020
NPT00659,2023-07-12,W049,R003,Atlantic Energy Guyana,Stabroek,Development,Drilling,Hole Cleaning,Differential Sticking,Mud Engineering,18.0,360000.0,314096.0,674096.0,Major,$500K - $1M,High,Unplanned,Day,Run Fishing Tools,Closed,July,Q3,Long Rainy Season,Stena DrillMAX,Stena Drilling,Drillship,480000.0,2018
NPT00357,2023-07-13,W027,R002,Atlantic Energy Guyana,Stabroek,Appraisal,Weather,High Waves,Heavy Rain,Marine Operations,2.0,38333.0,72075.0,110408.0,Minor,$100K - $250K,Low,Unplanned,Night,Resume Operations,Closed,July,Q3,Long Rainy Season,Stena Carron,Stena Drilling,Drillship,460000.0,2015
NPT00243,2023-07-13,W018,R004,Atlantic Energy Guyana,Stabroek,Exploration,Drilling,Well Control,Unexpected Pressure,Mud Engineering,4.0,81666.0,86316.0,167982.0,Minor,$100K - $250K,Low,Unplanned,Day,Condition Hole,Closed,July,Q3,Long Rainy Season,Noble Don Taylor,Noble,Drillship,490000.0,2020
NPT00056,2023-07-14,W004,R002,Atlantic Energy Guyana,Stabroek,Exploration,Mechanical,Power System Failure,Poor Preventive Maintenance,Maintenance Team,12.0,230000.0,121023.0,351023.0,Major,$250K - $500K,Medium,Unplanned,Night,Replace Equipment,Closed,July,Q3,Long Rainy Season,Stena Carron,Stena Drilling,Drillship,460000.0,2015
NPT00612,2023-07-14,W045,R004,Atlantic Energy Guyana,Stabroek,Exploration,Weather,Lightning,Lightning,Weather,2.0,40833.0,40713.0,81546.0,Minor,< $100K,Low,Unplanned,Day,Suspend Operations,Closed,July,Q3,Long Rainy Season,Noble Don Taylor,Noble,Drillship,490000.0,2020
NPT00123,2023-07-15,W009,R001,Atlantic Energy Guyana,Stabroek,Exploration,Weather,Strong Wind,High Waves,Marine Operations,6.0,118750.0,279850.0,398600.0,Moderate,$250K - $500K,Medium,Unplanned,Day,Wait on Weather,In Progress,July,Q3,Long Rainy Season,Noble Bob Douglas,Noble,Drillship,475000.0,2013
NPT00520,2023-07-16,W039,R002,Atlantic Energy Guyana,Stabroek,Development,Mechanical,Mud Pump Failure,Hydraulic Failure,Drilling Contractor,6.0,115000.0,137040.0,252040.0,Moderate,$250K - $500K,Medium,Unplanned,Night,OEM Inspection,In Progress,July,Q3,Long Rainy Season,Stena Carron,Stena Drilling,Drillship,460000.0,2015
NPT00334,2023-07-16,W025,R004,Atlantic Energy Guyana,Stabroek,Appraisal,Drilling,Bit Failure,Differential Sticking,Mud Engineering,6.0,122500.0,144551.0,267051.0,Moderate,$250K - $500K,Medium,Unplanned,Day,Run Fishing Tools,Closed,July,Q3,Long Rainy Season,Noble Don Taylor,Noble,Drillship,490000.0,2020
NPT00124,2023-07-18,W009,R001,Atlantic Energy Guyana,Stabroek,Exploration,Logistics,Waiting on Cement,Customs Clearance,Marine Logistics,12.0,237500.0,223755.0,461255.0,Major,$250K - $500K,Medium,Unplanned,Day,Air Freight Materials,Closed,July,Q3,Long Rainy Season,Noble Bob Douglas,Noble,Drillship,475000.0,2013
NPT00521,2023-07-18,W039,R002,Atlantic Energy Guyana,Stabroek,Development,Logistics,Waiting on Materials,Port Congestion,Supply Chain,6.0,115000.0,109082.0,224082.0,Moderate,$100K - $250K,Medium,Unplanned,Day,Air Freight Materials,Closed,July,Q3,Long Rainy Season,Stena Carron,Stena Drilling,Drillship,460000.0,2015
NPT00335,2023-07-18,W025,R004,Atlantic Energy Guyana,Stabroek,Appraisal,Drilling,Well Control,Formation Instability,Mud Engineering,4.0,81666.0,144601.0,226267.0,Minor,$100K - $250K,Low,Unplanned,Night,Increase Mud Weight,Closed,July,Q3,Long Rainy Season,Noble Don Taylor,Noble,Drillship,490000.0,2020
NPT00358,2023-07-20,W027,R002,Atlantic Energy Guyana,Stabroek,Appraisal,Weather,Lightning,High Waves,Marine Operations,4.0,76666.0,85784.0,162450.0,Minor,$100K - $250K,Low,Unplanned,Day,Wait on Weather,In Progress,July,Q3,Long Rainy Season,Stena Carron,Stena Drilling,Drillship,460000.0,2015
NPT00336,2023-07-21,W025,R004,Atlantic Energy Guyana,Stabroek,Appraisal,Weather,Heavy Rain,Storm,Weather,4.0,81666.0,127004.0,208670.0,Minor,$100K - $250K,Low,Unplanned,Night,Suspend Operations,Closed,July,Q3,Long Rainy Season,Noble Don Taylor,Noble,Drillship,490000.0,2020
NPT00613,2023-07-21,W045,R004,Atlantic Energy Guyana,Stabroek,Exploration,Weather,Heavy Rain,Heavy Rain,Weather,2.0,40833.0,98596.0,139429.0,Minor,$100K - $250K,Low,Unplanned,Night,Wait on Weather,Closed,July,Q3,Long Rainy Season,Noble Don Taylor,Noble,Drillship,490000.0,2020
NPT00522,2023-07-22,W039,R002,Atlantic Energy Guyana,Stabroek,Development,Weather,Heavy Rain,Lightning,Weather,2.0,38333.0,30704.0,69037.0,Minor,< $100K,Low,Unplanned,Day,Wait on Weather,Closed,July,Q3,Long Rainy Season,Stena Carron,Stena Drilling,Drillship,460000.0,2015
NPT00125,2023-07-23,W009,R001,Atlantic Energy Guyana,Stabroek,Exploration,Weather,Heavy Rain,High Waves,Weather,8.0,158333.0,384790.0,543123.0,Moderate,$500K - $1M,Medium,Unplanned,Night,Suspend Operations,Open,July,Q3,Long Rainy Season,Noble Bob Douglas,Noble,Drillship,475000.0,2013
NPT00337,2023-07-23,W025,R004,Atlantic Energy Guyana,Stabroek,Appraisal,Drilling,Stuck Pipe,Bit Wear,Directional Drilling,6.0,122500.0,154285.0,276785.0,Moderate,$250K - $500K,Medium,Unplanned,Night,Increase Mud Weight,In Progress,July,Q3,Long Rainy Season,Noble Don Taylor,Noble,Drillship,490000.0,2020
NPT00660,2023-07-25,W049,R003,Atlantic Energy Guyana,Stabroek,Development,Logistics,Waiting on Boat,Port Congestion,Marine Logistics,4.0,80000.0,183601.0,263601.0,Minor,$250K - $500K,Low,Unplanned,Day,Mobilize Supply Vessel,Closed,July,Q3,Long Rainy Season,Stena DrillMAX,Stena Drilling,Drillship,480000.0,2018
NPT00614,2023-07-27,W045,R004,Atlantic Energy Guyana,Stabroek,Exploration,Logistics,Fuel Supply Delay,Customs Clearance,Supply Chain,24.0,490000.0,1044504.0,1534504.0,Critical,> $1M,High,Unplanned,Day,Air Freight Materials,Closed,July,Q3,Long Rainy Season,Noble Don Taylor,Noble,Drillship,490000.0,2020
NPT00244,2023-07-29,W018,R004,Atlantic Energy Guyana,Stabroek,Exploration,Drilling,Stuck Pipe,Formation Instability,Directional Drilling,12.0,245000.0,278344.0,523344.0,Major,$500K - $1M,Medium,Unplanned,Night,Condition Hole,Closed,July,Q3,Long Rainy Season,Noble Don Taylor,Noble,Drillship,490000.0,2020
NPT00359,2023-07-30,W027,R002,Atlantic Energy Guyana,Stabroek,Appraisal,Drilling,Bit Failure,Differential Sticking,Directional Drilling,8.0,153333.0,335435.0,488768.0,Moderate,$250K - $500K,Medium,Unplanned,Night,Condition Hole,Open,July,Q3,Long Rainy Season,Stena Carron,Stena Drilling,Drillship,460000.0,2015
NPT00245,2023-08-01,W018,R004,Atlantic Energy Guyana,Stabroek,Exploration,Weather,Heavy Rain,Heavy Rain,Weather,4.0,81666.0,138389.0,220055.0,Minor,$100K - $250K,Low,Unplanned,Day,Suspend Operations,Closed,August,Q3,Long Rainy Season,Noble Don Taylor,Noble,Drillship,490000.0,2020
NPT00360,2023-08-02,W027,R002,Atlantic Energy Guyana,Stabroek,Appraisal,Logistics,Waiting on Materials,Late Supply Vessel,Supply Chain,6.0,115000.0,112412.0,227412.0,Moderate,$100K - $250K,Medium,Unplanned,Day,Mobilize Supply Vessel,In Progress,August,Q3,Long Rainy Season,Stena Carron,Stena Drilling,Drillship,460000.0,2015
NPT00661,2023-08-04,W049,R003,Atlantic Energy Guyana,Stabroek,Development,Drilling,Fishing Operation,Unexpected Pressure,Operator,8.0,160000.0,279871.0,439871.0,Moderate,$250K - $500K,Medium,Unplanned,Day,Increase Mud Weight,Open,August,Q3,Long Rainy Season,Stena DrillMAX,Stena Drilling,Drillship,480000.0,2018
NPT00523,2023-08-05,W039,R002,Atlantic Energy Guyana,Stabroek,Development,Personnel,Safety Stand Down,Crew Rotation,Medical Team,2.0,38333.0,52302.0,90635.0,Minor,< $100K,Low,Unplanned,Night,Safety Briefing,Closed,August,Q3,Long Rainy Season,Stena Carron,Stena Drilling,Drillship,460000.0,2015
NPT00338,2023-08-10,W025,R004,Atlantic Energy Guyana,Stabroek,Appraisal,Weather,Strong Wind,Lightning,Weather,2.0,40833.0,43926.0,84759.0,Minor,< $100K,Low,Planned,Night,Suspend Operations,Closed,August,Q3,Long Rainy Season,Noble Don Taylor,Noble,Drillship,490000.0,2020
NPT00524,2023-08-12,W039,R002,Atlantic Energy Guyana,Stabroek,Development,Weather,Lightning,Heavy Rain,Marine Operations,12.0,230000.0,493028.0,723028.0,Major,$500K - $1M,Medium,Unplanned,Night,Wait on Weather,In Progress,August,Q3,Long Rainy Season,Stena Carron,Stena Drilling,Drillship,460000.0,2015
NPT00142,2023-08-12,W011,R004,Atlantic Energy Guyana,Stabroek,Exploration,Weather,Poor Visibility,Strong Wind,Weather,4.0,81666.0,60048.0,141714.0,Minor,$100K - $250K,Low,Unplanned,Night,Wait on Weather,Closed,August,Q3,Long Rainy Season,Noble Don Taylor,Noble,Drillship,490000.0,2020
NPT00361,2023-08-13,W027,R002,Atlantic Energy Guyana,Stabroek,Appraisal,Weather,Lightning,High Waves,Weather,12.0,230000.0,258903.0,488903.0,Major,$250K - $500K,Medium,Unplanned,Day,Suspend Operations,Closed,August,Q3,Long Rainy Season,Stena Carron,Stena Drilling,Drillship,460000.0,2015
NPT00662,2023-08-13,W049,R003,Atlantic Energy Guyana,Stabroek,Development,Mechanical,Top Drive Failure,OEM Defect,OEM Vendor,6.0,120000.0,270679.0,390679.0,Moderate,$250K - $500K,Medium,Unplanned,Day,OEM Inspection,Closed,August,Q3,Long Rainy Season,Stena DrillMAX,Stena Drilling,Drillship,480000.0,2018
NPT00362,2023-08-14,W027,R002,Atlantic Energy Guyana,Stabroek,Appraisal,Drilling,Stuck Pipe,Formation Instability,Directional Drilling,2.0,38333.0,85268.0,123601.0,Minor,$100K - $250K,Low,Unplanned,Day,Adjust Drilling Parameters,In Progress,August,Q3,Long Rainy Season,Stena Carron,Stena Drilling,Drillship,460000.0,2015
NPT00339,2023-08-16,W025,R004,Atlantic Energy Guyana,Stabroek,Appraisal,Mechanical,BOP Repair,Hydraulic Failure,Maintenance Team,4.0,81666.0,86786.0,168452.0,Minor,$100K - $250K,Low,Unplanned,Day,OEM Inspection,In Progress,August,Q3,Long Rainy Season,Noble Don Taylor,Noble,Drillship,490000.0,2020
NPT00525,2023-08-17,W039,R002,Atlantic Energy Guyana,Stabroek,Development,Weather,Poor Visibility,Lightning,Weather,4.0,76666.0,63467.0,140133.0,Minor,$100K - $250K,Low,Unplanned,Night,Wait on Weather,Closed,August,Q3,Long Rainy Season,Stena Carron,Stena Drilling,Drillship,460000.0,2015
NPT00143,2023-08-17,W011,R004,Atlantic Energy Guyana,Stabroek,Exploration,Drilling,Lost Circulation,Unexpected Pressure,Directional Drilling,4.0,81666.0,126974.0,208640.0,Minor,$100K - $250K,Low,Unplanned,Day,Run Fishing Tools,Closed,August,Q3,Long Rainy Season,Noble Don Taylor,Noble,Drillship,490000.0,2020
NPT00363,2023-08-19,W027,R002,Atlantic Energy Guyana,Stabroek,Appraisal,Mechanical,Generator Failure,Poor Preventive Maintenance,Drilling Contractor,4.0,76666.0,38651.0,115317.0,Minor,$100K - $250K,Low,Unplanned,Day,OEM Inspection,Closed,August,Q3,Long Rainy Season,Stena Carron,Stena Drilling,Drillship,460000.0,2015
NPT00526,2023-08-19,W039,R002,Atlantic Energy Guyana,Stabroek,Development,Drilling,Bit Failure,Differential Sticking,Mud Engineering,4.0,76666.0,47093.0,123759.0,Minor,$100K - $250K,Low,Unplanned,Day,Increase Mud Weight,Closed,August,Q3,Long Rainy Season,Stena Carron,Stena Drilling,Drillship,460000.0,2015
NPT00663,2023-08-20,W049,R003,Atlantic Energy Guyana,Stabroek,Development,Logistics,Fuel Supply Delay,Late Supply Vessel,Procurement,6.0,120000.0,60226.0,180226.0,Moderate,$100K - $250K,Medium,Unplanned,Night,Expedite Shipment,In Progress,August,Q3,Long Rainy Season,Stena DrillMAX,Stena Drilling,Drillship,480000.0,2018
NPT00144,2023-08-20,W011,R004,Atlantic Energy Guyana,Stabroek,Exploration,Drilling,Hole Cleaning,Unexpected Pressure,Operator,8.0,163333.0,235581.0,398914.0,Moderate,$250K - $500K,Medium,Unplanned,Night,Condition Hole,Closed,August,Q3,Long Rainy Season,Noble Don Taylor,Noble,Drillship,490000.0,2020
NPT00340,2023-08-23,W025,R004,Atlantic Energy Guyana,Stabroek,Appraisal,Weather,High Waves,Strong Wind,Weather,6.0,122500.0,265620.0,388120.0,Moderate,$250K - $500K,Medium,Unplanned,Day,Resume Operations,Open,August,Q3,Long Rainy Season,Noble Don Taylor,Noble,Drillship,490000.0,2020
NPT00341,2023-08-24,W025,R004,Atlantic Energy Guyana,Stabroek,Appraisal,Mechanical,Top Drive Failure,OEM Defect,Maintenance Team,2.0,40833.0,48689.0,89522.0,Minor,< $100K,Low,Unplanned,Night,Repair Component,Closed,August,Q3,Long Rainy Season,Noble Don Taylor,Noble,Drillship,490000.0,2020
NPT00527,2023-08-25,W039,R002,Atlantic Energy Guyana,Stabroek,Development,Logistics,Delayed Helicopter,Customs Clearance,Procurement,2.0,38333.0,90911.0,129244.0,Minor,$100K - $250K,Low,Planned,Night,Mobilize Supply Vessel,Closed,August,Q3,Long Rainy Season,Stena Carron,Stena Drilling,Drillship,460000.0,2015
NPT00364,2023-08-27,W027,R002,Atlantic Energy Guyana,Stabroek,Appraisal,Weather,Poor Visibility,Storm,Weather,2.0,38333.0,61637.0,99970.0,Minor,< $100K,Low,Unplanned,Day,Suspend Operations,Closed,August,Q3,Long Rainy Season,Stena Carron,Stena Drilling,Drillship,460000.0,2015
NPT00528,2023-08-27,W039,R002,Atlantic Energy Guyana,Stabroek,Development,Weather,Heavy Rain,Heavy Rain,Weather,12.0,230000.0,239440.0,469440.0,Major,$250K - $500K,Medium,Unplanned,Day,Wait on Weather,Open,August,Q3,Long Rainy Season,Stena Carron,Stena Drilling,Drillship,460000.0,2015
NPT00145,2023-08-30,W011,R004,Atlantic Energy Guyana,Stabroek,Exploration,Weather,Lightning,Storm,Marine Operations,4.0,81666.0,98387.0,180053.0,Minor,$100K - $250K,Low,Unplanned,Night,Wait on Weather,Closed,August,Q3,Long Rainy Season,Noble Don Taylor,Noble,Drillship,490000.0,2020
NPT00575,2023-09-01,W043,R002,Atlantic Energy Guyana,Stabroek,Appraisal,Logistics,Waiting on Materials,Customs Clearance,Procurement,4.0,76666.0,72518.0,149184.0,Minor,$100K - $250K,Low,Unplanned,Day,Mobilize Supply Vessel,Open,September,Q3,Dry Season,Stena Carron,Stena Drilling,Drillship,460000.0,2015
NPT00664,2023-09-03,W049,R003,Atlantic Energy Guyana,Stabroek,Development,Drilling,Well Control,Bit Wear,Operator,2.0,40000.0,85472.0,125472.0,Minor,$100K - $250K,Low,Unplanned,Night,Condition Hole,Closed,September,Q3,Dry Season,Stena DrillMAX,Stena Drilling,Drillship,480000.0,2018
NPT00146,2023-09-04,W011,R004,Atlantic Energy Guyana,Stabroek,Exploration,Drilling,Lost Circulation,Bit Wear,Mud Engineering,2.0,40833.0,26711.0,67544.0,Minor,< $100K,Low,Unplanned,Night,Increase Mud Weight,Open,September,Q3,Dry Season,Noble Don Taylor,Noble,Drillship,490000.0,2020
NPT00365,2023-09-06,W027,R002,Atlantic Energy Guyana,Stabroek,Appraisal,Drilling,Stuck Pipe,Unexpected Pressure,Operator,8.0,153333.0,342295.0,495628.0,Moderate,$250K - $500K,Medium,Unplanned,Night,Run Fishing Tools,Open,September,Q3,Dry Season,Stena Carron,Stena Drilling,Drillship,460000.0,2015
NPT00576,2023-09-06,W043,R002,Atlantic Energy Guyana,Stabroek,Appraisal,Drilling,Stuck Pipe,Differential Sticking,Mud Engineering,6.0,115000.0,248026.0,363026.0,Moderate,$250K - $500K,Medium,Unplanned,Night,Increase Mud Weight,Closed,September,Q3,Dry Season,Stena Carron,Stena Drilling,Drillship,460000.0,2015
NPT00665,2023-09-06,W049,R003,Atlantic Energy Guyana,Stabroek,Development,Weather,Heavy Rain,Strong Wind,Weather,6.0,120000.0,143523.0,263523.0,Moderate,$250K - $500K,Medium,Unplanned,Night,Wait on Weather,Open,September,Q3,Dry Season,Stena DrillMAX,Stena Drilling,Drillship,480000.0,2018
NPT00529,2023-09-07,W039,R002,Atlantic Energy Guyana,Stabroek,Development,Drilling,Hole Cleaning,Unexpected Pressure,Mud Engineering,6.0,115000.0,124749.0,239749.0,Moderate,$100K - $250K,Medium,Unplanned,Night,Run Fishing Tools,In Progress,September,Q3,Dry Season,Stena Carron,Stena Drilling,Drillship,460000.0,2015
NPT00147,2023-09-09,W011,R004,Atlantic Energy Guyana,Stabroek,Exploration,Drilling,Hole Cleaning,Differential Sticking,Directional Drilling,12.0,245000.0,250040.0,495040.0,Major,$250K - $500K,Medium,Unplanned,Night,Adjust Drilling Parameters,Closed,September,Q3,Dry Season,Noble Don Taylor,Noble,Drillship,490000.0,2020
NPT00666,2023-09-10,W049,R003,Atlantic Energy Guyana,Stabroek,Development,Drilling,Fishing Operation,Bit Wear,Directional Drilling,6.0,120000.0,294858.0,414858.0,Moderate,$250K - $500K,Medium,Unplanned,Day,Condition Hole,Closed,September,Q3,Dry Season,Stena DrillMAX,Stena Drilling,Drillship,480000.0,2018
NPT00410,2023-09-12,W031,R002,Atlantic Energy Guyana,Stabroek,Development,Weather,High Waves,Heavy Rain,Weather,4.0,76666.0,191641.0,268307.0,Minor,$250K - $500K,Low,Unplanned,Day,Resume Operations,In Progress,September,Q3,Dry Season,Stena Carron,Stena Drilling,Drillship,460000.0,2015
NPT00342,2023-09-12,W025,R004,Atlantic Energy Guyana,Stabroek,Appraisal,Weather,High Waves,Storm,Marine Operations,2.0,40833.0,62499.0,103332.0,Minor,$100K - $250K,Low,Planned,Day,Suspend Operations,In Progress,September,Q3,Dry Season,Noble Don Taylor,Noble,Drillship,490000.0,2020
NPT00411,2023-09-13,W031,R002,Atlantic Energy Guyana,Stabroek,Development,Drilling,Stuck Pipe,Differential Sticking,Operator,2.0,38333.0,69018.0,107351.0,Minor,$100K - $250K,Low,Unplanned,Day,Increase Mud Weight,Closed,September,Q3,Dry Season,Stena Carron,Stena Drilling,Drillship,460000.0,2015
NPT00530,2023-09-13,W039,R002,Atlantic Energy Guyana,Stabroek,Development,Weather,Lightning,Strong Wind,Marine Operations,6.0,115000.0,203939.0,318939.0,Moderate,$250K - $500K,Medium,Planned,Night,Resume Operations,Closed,September,Q3,Dry Season,Stena Carron,Stena Drilling,Drillship,460000.0,2015
NPT00577,2023-09-13,W043,R002,Atlantic Energy Guyana,Stabroek,Appraisal,Drilling,Lost Circulation,Unexpected Pressure,Directional Drilling,8.0,153333.0,86363.0,239696.0,Moderate,$100K - $250K,Medium,Unplanned,Night,Run Fishing Tools,Open,September,Q3,Dry Season,Stena Carron,Stena Drilling,Drillship,460000.0,2015
NPT00148,2023-09-13,W011,R004,Atlantic Energy Guyana,Stabroek,Exploration,Weather,Lightning,Lightning,Weather,4.0,81666.0,47696.0,129362.0,Minor,$100K - $250K,Low,Unplanned,Day,Resume Operations,Closed,September,Q3,Dry Season,Noble Don Taylor,Noble,Drillship,490000.0,2020
NPT00343,2023-09-13,W025,R004,Atlantic Energy Guyana,Stabroek,Appraisal,Drilling,Lost Circulation,Bit Wear,Directional Drilling,12.0,245000.0,539466.0,784466.0,Major,$500K - $1M,Medium,Unplanned,Day,Condition Hole,Closed,September,Q3,Dry Season,Noble Don Taylor,Noble,Drillship,490000.0,2020
NPT00412,2023-09-14,W031,R002,Atlantic Energy Guyana,Stabroek,Development,Personnel,Safety Stand Down,Training Requirement,Rig Management,4.0,76666.0,99814.0,176480.0,Minor,$100K - $250K,Low,Planned,Day,Medical Clearance,In Progress,September,Q3,Dry Season,Stena Carron,Stena Drilling,Drillship,460000.0,2015
NPT00344,2023-09-15,W025,R004,Atlantic Energy Guyana,Stabroek,Appraisal,Drilling,Stuck Pipe,Unexpected Pressure,Mud Engineering,6.0,122500.0,138722.0,261222.0,Moderate,$250K - $500K,Medium,Unplanned,Night,Condition Hole,In Progress,September,Q3,Dry Season,Noble Don Taylor,Noble,Drillship,490000.0,2020
NPT00149,2023-09-22,W011,R004,Atlantic Energy Guyana,Stabroek,Exploration,Personnel,Training,Crew Rotation,Medical Team,6.0,122500.0,90710.0,213210.0,Moderate,$100K - $250K,Medium,Unplanned,Day,Safety Briefing,In Progress,September,Q3,Dry Season,Noble Don Taylor,Noble,Drillship,490000.0,2020
NPT00150,2023-09-23,W011,R004,Atlantic Energy Guyana,Stabroek,Exploration,Mechanical,Top Drive Failure,Equipment Wear,Drilling Contractor,6.0,122500.0,73044.0,195544.0,Moderate,$100K - $250K,Medium,Unplanned,Day,Repair Component,Closed,September,Q3,Dry Season,Noble Don Taylor,Noble,Drillship,490000.0,2020
NPT00413,2023-09-26,W031,R002,Atlantic Energy Guyana,Stabroek,Development,Drilling,Lost Circulation,Differential Sticking,Directional Drilling,4.0,76666.0,115177.0,191843.0,Minor,$100K - $250K,Low,Unplanned,Day,Run Fishing Tools,Open,September,Q3,Dry Season,Stena Carron,Stena Drilling,Drillship,460000.0,2015
NPT00151,2023-09-30,W011,R004,Atlantic Energy Guyana,Stabroek,Exploration,Mechanical,Top Drive Failure,Poor Preventive Maintenance,OEM Vendor,24.0,490000.0,1059746.0,1549746.0,Critical,> $1M,High,Unplanned,Day,Preventive Maintenance,Open,September,Q3,Dry Season,Noble Don Taylor,Noble,Drillship,490000.0,2020
NPT00152,2023-10-02,W011,R004,Atlantic Energy Guyana,Stabroek,Exploration,Mechanical,Generator Failure,Equipment Wear,OEM Vendor,2.0,40833.0,27130.0,67963.0,Minor,< $100K,Low,Unplanned,Day,Replace Equipment,Closed,October,Q4,Dry Season,Noble Don Taylor,Noble,Drillship,490000.0,2020
NPT00531,2023-10-04,W039,R002,Atlantic Energy Guyana,Stabroek,Development,Logistics,Waiting on Materials,Material Shortage,Procurement,4.0,76666.0,44616.0,121282.0,Minor,$100K - $250K,Low,Unplanned,Night,Expedite Shipment,In Progress,October,Q4,Dry Season,Stena Carron,Stena Drilling,Drillship,460000.0,2015
NPT00578,2023-10-04,W043,R002,Atlantic Energy Guyana,Stabroek,Appraisal,Weather,Lightning,Heavy Rain,Marine Operations,4.0,76666.0,61263.0,137929.0,Minor,$100K - $250K,Low,Planned,Day,Resume Operations,Closed,October,Q4,Dry Season,Stena Carron,Stena Drilling,Drillship,460000.0,2015
NPT00345,2023-10-04,W026,R004,Atlantic Energy Guyana,Stabroek,Exploration,Weather,High Waves,Strong Wind,Marine Operations,12.0,245000.0,580843.0,825843.0,Major,$500K - $1M,Medium,Unplanned,Night,Suspend Operations,In Progress,October,Q4,Dry Season,Noble Don Taylor,Noble,Drillship,490000.0,2020
NPT00579,2023-10-05,W043,R002,Atlantic Energy Guyana,Stabroek,Appraisal,Mechanical,Power System Failure,Electrical Failure,Maintenance Team,2.0,38333.0,84686.0,123019.0,Minor,$100K - $250K,Low,Unplanned,Day,OEM Inspection,Closed,October,Q4,Dry Season,Stena Carron,Stena Drilling,Drillship,460000.0,2015
NPT00153,2023-10-05,W011,R004,Atlantic Energy Guyana,Stabroek,Exploration,Weather,Lightning,Lightning,Weather,6.0,122500.0,186779.0,309279.0,Moderate,$250K - $500K,Medium,Unplanned,Night,Suspend Operations,In Progress,October,Q4,Dry Season,Noble Don Taylor,Noble,Drillship,490000.0,2020
NPT00154,2023-10-06,W011,R004,Atlantic Energy Guyana,Stabroek,Exploration,Weather,Poor Visibility,Heavy Rain,Weather,4.0,81666.0,107304.0,188970.0,Minor,$100K - $250K,Low,Unplanned,Night,Resume Operations,In Progress,October,Q4,Dry Season,Noble Don Taylor,Noble,Drillship,490000.0,2020
NPT00033,2023-10-08,W003,R004,Atlantic Energy Guyana,Stabroek,Exploration,Drilling,Hole Cleaning,Differential Sticking,Directional Drilling,18.0,367500.0,863362.0,1230862.0,Major,> $1M,High,Unplanned,Day,Adjust Drilling Parameters,Open,October,Q4,Dry Season,Noble Don Taylor,Noble,Drillship,490000.0,2020
NPT00155,2023-10-08,W011,R004,Atlantic Energy Guyana,Stabroek,Exploration,Mechanical,Rotary Table Failure,Hydraulic Failure,OEM Vendor,2.0,40833.0,71255.0,112088.0,Minor,$100K - $250K,Low,Unplanned,Day,OEM Inspection,Closed,October,Q4,Dry Season,Noble Don Taylor,Noble,Drillship,490000.0,2020
NPT00580,2023-10-10,W043,R002,Atlantic Energy Guyana,Stabroek,Appraisal,Drilling,Fishing Operation,Bit Wear,Operator,2.0,38333.0,49722.0,88055.0,Minor,< $100K,Low,Unplanned,Night,Adjust Drilling Parameters,In Progress,October,Q4,Dry Season,Stena Carron,Stena Drilling,Drillship,460000.0,2015
NPT00414,2023-10-11,W031,R002,Atlantic Energy Guyana,Stabroek,Development,Mechanical,Top Drive Failure,Electrical Failure,OEM Vendor,4.0,76666.0,44040.0,120706.0,Minor,$100K - $250K,Low,Unplanned,Day,Preventive Maintenance,Closed,October,Q4,Dry Season,Stena Carron,Stena Drilling,Drillship,460000.0,2015
NPT00034,2023-10-12,W003,R004,Atlantic Energy Guyana,Stabroek,Exploration,Mechanical,Top Drive Failure,Equipment Wear,Drilling Contractor,6.0,122500.0,294100.0,416600.0,Moderate,$250K - $500K,Medium,Unplanned,Day,Repair Component,In Progress,October,Q4,Dry Season,Noble Don Taylor,Noble,Drillship,490000.0,2020
NPT00156,2023-10-15,W011,R004,Atlantic Energy Guyana,Stabroek,Exploration,Logistics,Fuel Supply Delay,Customs Clearance,Supply Chain,4.0,81666.0,48082.0,129748.0,Minor,$100K - $250K,Low,Unplanned,Day,Expedite Shipment,Closed,October,Q4,Dry Season,Noble Don Taylor,Noble,Drillship,490000.0,2020
NPT00667,2023-10-16,W050,R004,Atlantic Energy Guyana,Stabroek,Appraisal,Drilling,Lost Circulation,Bit Wear,Operator,8.0,163333.0,405188.0,568521.0,Moderate,$500K - $1M,Medium,Unplanned,Night,Run Fishing Tools,Open,October,Q4,Dry Season,Noble Don Taylor,Noble,Drillship,490000.0,2020
NPT00581,2023-10-17,W043,R002,Atlantic Energy Guyana,Stabroek,Appraisal,Personnel,Crew Change,Medical Emergency,Rig Management,2.0,38333.0,62593.0,100926.0,Minor,$100K - $250K,Low,Unplanned,Day,Safety Briefing,Closed,October,Q4,Dry Season,Stena Carron,Stena Drilling,Drillship,460000.0,2015
NPT00346,2023-10-18,W026,R004,Atlantic Energy Guyana,Stabroek,Exploration,Weather,Heavy Rain,Storm,Weather,24.0,490000.0,614657.0,1104657.0,Critical,> $1M,High,Unplanned,Night,Resume Operations,Closed,October,Q4,Dry Season,Noble Don Taylor,Noble,Drillship,490000.0,2020
NPT00668,2023-10-19,W050,R004,Atlantic Energy Guyana,Stabroek,Appraisal,Logistics,Waiting on Cement,Material Shortage,Marine Logistics,6.0,122500.0,174028.0,296528.0,Moderate,$250K - $500K,Medium,Unplanned,Day,Mobilize Supply Vessel,Closed,October,Q4,Dry Season,Noble Don Taylor,Noble,Drillship,490000.0,2020
NPT00669,2023-10-20,W050,R004,Atlantic Energy Guyana,Stabroek,Appraisal,Mechanical,Rotary Table Failure,Poor Preventive Maintenance,Maintenance Team,2.0,40833.0,91284.0,132117.0,Minor,$100K - $250K,Low,Unplanned,Day,OEM Inspection,Closed,October,Q4,Dry Season,Noble Don Taylor,Noble,Drillship,490000.0,2020
NPT00415,2023-10-21,W031,R002,Atlantic Energy Guyana,Stabroek,Development,Logistics,Waiting on Materials,Customs Clearance,Supply Chain,4.0,76666.0,128931.0,205597.0,Minor,$100K - $250K,Low,Unplanned,Day,Air Freight Materials,Closed,October,Q4,Dry Season,Stena Carron,Stena Drilling,Drillship,460000.0,2015
NPT00582,2023-10-21,W043,R002,Atlantic Energy Guyana,Stabroek,Appraisal,Drilling,Hole Cleaning,Unexpected Pressure,Operator,2.0,38333.0,29667.0,68000.0,Minor,< $100K,Low,Unplanned,Day,Adjust Drilling Parameters,Closed,October,Q4,Dry Season,Stena Carron,Stena Drilling,Drillship,460000.0,2015
NPT00035,2023-10-21,W003,R004,Atlantic Energy Guyana,Stabroek,Exploration,Personnel,Safety Stand Down,Training Requirement,Rig Management,6.0,122500.0,101091.0,223591.0,Moderate,$100K - $250K,Medium,Unplanned,Night,Safety Briefing,Closed,October,Q4,Dry Season,Noble Don Taylor,Noble,Drillship,490000.0,2020
NPT00670,2023-10-22,W050,R004,Atlantic Energy Guyana,Stabroek,Appraisal,Logistics,Waiting on Cement,Port Congestion,Supply Chain,12.0,245000.0,512335.0,757335.0,Major,$500K - $1M,Medium,Unplanned,Day,Mobilize Supply Vessel,Open,October,Q4,Dry Season,Noble Don Taylor,Noble,Drillship,490000.0,2020
NPT00583,2023-10-23,W043,R002,Atlantic Energy Guyana,Stabroek,Appraisal,Drilling,Well Control,Unexpected Pressure,Directional Drilling,2.0,38333.0,35940.0,74273.0,Minor,< $100K,Low,Unplanned,Night,Adjust Drilling Parameters,In Progress,October,Q4,Dry Season,Stena Carron,Stena Drilling,Drillship,460000.0,2015
NPT00157,2023-10-23,W011,R004,Atlantic Energy Guyana,Stabroek,Exploration,Drilling,Bit Failure,Bit Wear,Mud Engineering,12.0,245000.0,554806.0,799806.0,Major,$500K - $1M,Medium,Unplanned,Day,Condition Hole,Closed,October,Q4,Dry Season,Noble Don Taylor,Noble,Drillship,490000.0,2020
NPT00584,2023-10-28,W043,R002,Atlantic Energy Guyana,Stabroek,Appraisal,Mechanical,Draw Works Failure,Equipment Wear,Drilling Contractor,2.0,38333.0,37321.0,75654.0,Minor,< $100K,Low,Unplanned,Day,OEM Inspection,Closed,October,Q4,Dry Season,Stena Carron,Stena Drilling,Drillship,460000.0,2015
NPT00036,2023-10-30,W003,R004,Atlantic Energy Guyana,Stabroek,Exploration,Mechanical,Top Drive Failure,Equipment Wear,Maintenance Team,24.0,490000.0,1057580.0,1547580.0,Critical,> $1M,High,Unplanned,Night,OEM Inspection,Closed,October,Q4,Dry Season,Noble Don Taylor,Noble,Drillship,490000.0,2020
NPT00037,2023-11-01,W003,R004,Atlantic Energy Guyana,Stabroek,Exploration,Mechanical,Power System Failure,Equipment Wear,Drilling Contractor,2.0,40833.0,94991.0,135824.0,Minor,$100K - $250K,Low,Unplanned,Day,OEM Inspection,Closed,November,Q4,Short Rainy Season,Noble Don Taylor,Noble,Drillship,490000.0,2020
NPT00347,2023-11-01,W026,R004,Atlantic Energy Guyana,Stabroek,Exploration,Mechanical,Mud Pump Failure,Equipment Wear,OEM Vendor,4.0,81666.0,185274.0,266940.0,Minor,$250K - $500K,Low,Unplanned,Day,OEM Inspection,Closed,November,Q4,Short Rainy Season,Noble Don Taylor,Noble,Drillship,490000.0,2020
NPT00585,2023-11-02,W043,R002,Atlantic Energy Guyana,Stabroek,Appraisal,Weather,Poor Visibility,Lightning,Weather,6.0,115000.0,236890.0,351890.0,Moderate,$250K - $500K,Medium,Planned,Night,Suspend Operations,Open,November,Q4,Short Rainy Season,Stena Carron,Stena Drilling,Drillship,460000.0,2015
NPT00671,2023-11-02,W050,R004,Atlantic Energy Guyana,Stabroek,Appraisal,Weather,High Waves,Storm,Weather,4.0,81666.0,110150.0,191816.0,Minor,$100K - $250K,Low,Planned,Day,Resume Operations,Closed,November,Q4,Short Rainy Season,Noble Don Taylor,Noble,Drillship,490000.0,2020
NPT00259,2023-11-05,W020,R003,Atlantic Energy Guyana,Stabroek,Appraisal,Mechanical,BOP Repair,Electrical Failure,Drilling Contractor,18.0,360000.0,663187.0,1023187.0,Major,> $1M,High,Unplanned,Night,OEM Inspection,Closed,November,Q4,Short Rainy Season,Stena DrillMAX,Stena Drilling,Drillship,480000.0,2018
NPT00416,2023-11-06,W031,R002,Atlantic Energy Guyana,Stabroek,Development,Weather,Poor Visibility,Strong Wind,Weather,4.0,76666.0,41049.0,117715.0,Minor,$100K - $250K,Low,Unplanned,Night,Suspend Operations,Closed,November,Q4,Short Rainy Season,Stena Carron,Stena Drilling,Drillship,460000.0,2015
NPT00417,2023-11-08,W031,R002,Atlantic Energy Guyana,Stabroek,Development,Drilling,Bit Failure,Differential Sticking,Directional Drilling,4.0,76666.0,93803.0,170469.0,Minor,$100K - $250K,Low,Unplanned,Day,Condition Hole,Closed,November,Q4,Short Rainy Season,Stena Carron,Stena Drilling,Drillship,460000.0,2015
NPT00348,2023-11-09,W026,R004,Atlantic Energy Guyana,Stabroek,Exploration,Drilling,Bit Failure,Bit Wear,Mud Engineering,8.0,163333.0,234179.0,397512.0,Moderate,$250K - $500K,Medium,Unplanned,Day,Increase Mud Weight,Closed,November,Q4,Short Rainy Season,Noble Don Taylor,Noble,Drillship,490000.0,2020
NPT00381,2023-11-11,W029,R002,Atlantic Energy Guyana,Stabroek,Development,Drilling,Hole Cleaning,Differential Sticking,Operator,2.0,38333.0,53610.0,91943.0,Minor,< $100K,Low,Planned,Night,Increase Mud Weight,Open,November,Q4,Short Rainy Season,Stena Carron,Stena Drilling,Drillship,460000.0,2015
NPT00586,2023-11-11,W043,R002,Atlantic Energy Guyana,Stabroek,Appraisal,Mechanical,Draw Works Failure,Hydraulic Failure,Drilling Contractor,6.0,115000.0,178383.0,293383.0,Moderate,$250K - $500K,Medium,Unplanned,Night,Preventive Maintenance,Open,November,Q4,Short Rainy Season,Stena Carron,Stena Drilling,Drillship,460000.0,2015
NPT00260,2023-11-12,W020,R003,Atlantic Energy Guyana,Stabroek,Appraisal,Drilling,Bit Failure,Formation Instability,Directional Drilling,4.0,80000.0,107175.0,187175.0,Minor,$100K - $250K,Low,Unplanned,Day,Condition Hole,Closed,November,Q4,Short Rainy Season,Stena DrillMAX,Stena Drilling,Drillship,480000.0,2018
NPT00587,2023-11-13,W043,R002,Atlantic Energy Guyana,Stabroek,Appraisal,Logistics,Delayed Helicopter,Port Congestion,Procurement,6.0,115000.0,199093.0,314093.0,Moderate,$250K - $500K,Medium,Unplanned,Night,Expedite Shipment,Closed,November,Q4,Short Rainy Season,Stena Carron,Stena Drilling,Drillship,460000.0,2015
NPT00038,2023-11-13,W003,R004,Atlantic Energy Guyana,Stabroek,Exploration,Mechanical,Power System Failure,Hydraulic Failure,Maintenance Team,4.0,81666.0,198934.0,280600.0,Minor,$250K - $500K,Low,Unplanned,Day,Repair Component,Closed,November,Q4,Short Rainy Season,Noble Don Taylor,Noble,Drillship,490000.0,2020
NPT00588,2023-11-14,W043,R002,Atlantic Energy Guyana,Stabroek,Appraisal,Drilling,Well Control,Unexpected Pressure,Operator,4.0,76666.0,39001.0,115667.0,Minor,$100K - $250K,Low,Unplanned,Day,Condition Hole,Closed,November,Q4,Short Rainy Season,Stena Carron,Stena Drilling,Drillship,460000.0,2015
NPT00039,2023-11-14,W003,R004,Atlantic Energy Guyana,Stabroek,Exploration,Logistics,Waiting on Boat,Customs Clearance,Procurement,4.0,81666.0,188346.0,270012.0,Minor,$250K - $500K,Low,Unplanned,Night,Air Freight Materials,Closed,November,Q4,Short Rainy Season,Noble Don Taylor,Noble,Drillship,490000.0,2020
NPT00672,2023-11-14,W050,R004,Atlantic Energy Guyana,Stabroek,Appraisal,Mechanical,Power System Failure,Equipment Wear,Drilling Contractor,6.0,122500.0,116840.0,239340.0,Moderate,$100K - $250K,Medium,Unplanned,Day,Replace Equipment,Closed,November,Q4,Short Rainy Season,Noble Don Taylor,Noble,Drillship,490000.0,2020
NPT00589,2023-11-16,W043,R002,Atlantic Energy Guyana,Stabroek,Appraisal,Mechanical,Mud Pump Failure,OEM Defect,Maintenance Team,18.0,345000.0,418285.0,763285.0,Major,$500K - $1M,High,Unplanned,Night,Replace Equipment,Closed,November,Q4,Short Rainy Season,Stena Carron,Stena Drilling,Drillship,460000.0,2015
NPT00261,2023-11-16,W020,R003,Atlantic Energy Guyana,Stabroek,Appraisal,Drilling,Stuck Pipe,Differential Sticking,Directional Drilling,2.0,40000.0,72937.0,112937.0,Minor,$100K - $250K,Low,Unplanned,Day,Run Fishing Tools,Open,November,Q4,Short Rainy Season,Stena DrillMAX,Stena Drilling,Drillship,480000.0,2018
NPT00418,2023-11-17,W031,R002,Atlantic Energy Guyana,Stabroek,Development,Drilling,Stuck Pipe,Formation Instability,Operator,4.0,76666.0,100999.0,177665.0,Minor,$100K - $250K,Low,Unplanned,Day,Adjust Drilling Parameters,Closed,November,Q4,Short Rainy Season,Stena Carron,Stena Drilling,Drillship,460000.0,2015
NPT00590,2023-11-17,W043,R002,Atlantic Energy Guyana,Stabroek,Appraisal,Mechanical,Top Drive Failure,Poor Preventive Maintenance,Maintenance Team,2.0,38333.0,57717.0,96050.0,Minor,< $100K,Low,Unplanned,Day,Repair Component,Closed,November,Q4,Short Rainy Season,Stena Carron,Stena Drilling,Drillship,460000.0,2015
NPT00591,2023-11-18,W043,R002,Atlantic Energy Guyana,Stabroek,Appraisal,Logistics,Delayed Helicopter,Port Congestion,Supply Chain,12.0,230000.0,403320.0,633320.0,Major,$500K - $1M,Medium,Unplanned,Night,Expedite Shipment,Closed,November,Q4,Short Rainy Season,Stena Carron,Stena Drilling,Drillship,460000.0,2015
NPT00382,2023-11-19,W029,R002,Atlantic Energy Guyana,Stabroek,Development,Mechanical,Top Drive Failure,Hydraulic Failure,Drilling Contractor,4.0,76666.0,74370.0,151036.0,Minor,$100K - $250K,Low,Unplanned,Day,Preventive Maintenance,Closed,November,Q4,Short Rainy Season,Stena Carron,Stena Drilling,Drillship,460000.0,2015
NPT00419,2023-11-19,W031,R002,Atlantic Energy Guyana,Stabroek,Development,Mechanical,BOP Repair,Poor Preventive Maintenance,OEM Vendor,2.0,38333.0,54487.0,92820.0,Minor,< $100K,Low,Unplanned,Day,Replace Equipment,In Progress,November,Q4,Short Rainy Season,Stena Carron,Stena Drilling,Drillship,460000.0,2015
NPT00262,2023-11-20,W020,R003,Atlantic Energy Guyana,Stabroek,Appraisal,Logistics,Delayed Helicopter,Port Congestion,Procurement,2.0,40000.0,24049.0,64049.0,Minor,< $100K,Low,Unplanned,Night,Mobilize Supply Vessel,Closed,November,Q4,Short Rainy Season,Stena DrillMAX,Stena Drilling,Drillship,480000.0,2018
NPT00040,2023-11-20,W003,R004,Atlantic Energy Guyana,Stabroek,Exploration,Logistics,Waiting on Boat,Material Shortage,Supply Chain,4.0,81666.0,64854.0,146520.0,Minor,$100K - $250K,Low,Unplanned,Night,Air Freight Materials,Closed,November,Q4,Short Rainy Season,Noble Don Taylor,Noble,Drillship,490000.0,2020
NPT00263,2023-11-21,W020,R003,Atlantic Energy Guyana,Stabroek,Appraisal,Drilling,Lost Circulation,Bit Wear,Operator,6.0,120000.0,69661.0,189661.0,Moderate,$100K - $250K,Medium,Planned,Night,Increase Mud Weight,Closed,November,Q4,Short Rainy Season,Stena DrillMAX,Stena Drilling,Drillship,480000.0,2018
NPT00349,2023-11-22,W026,R004,Atlantic Energy Guyana,Stabroek,Exploration,Mechanical,Draw Works Failure,Poor Preventive Maintenance,OEM Vendor,8.0,163333.0,249120.0,412453.0,Moderate,$250K - $500K,Medium,Unplanned,Day,Repair Component,Closed,November,Q4,Short Rainy Season,Noble Don Taylor,Noble,Drillship,490000.0,2020
NPT00383,2023-11-23,W029,R002,Atlantic Energy Guyana,Stabroek,Development,Mechanical,Mud Pump Failure,Hydraulic Failure,OEM Vendor,8.0,153333.0,279943.0,433276.0,Moderate,$250K - $500K,Medium,Unplanned,Day,OEM Inspection,In Progress,November,Q4,Short Rainy Season,Stena Carron,Stena Drilling,Drillship,460000.0,2015
NPT00420,2023-11-26,W031,R002,Atlantic Energy Guyana,Stabroek,Development,Mechanical,BOP Repair,Equipment Wear,Maintenance Team,24.0,460000.0,943802.0,1403802.0,Critical,> $1M,High,Unplanned,Day,Replace Equipment,In Progress,November,Q4,Short Rainy Season,Stena Carron,Stena Drilling,Drillship,460000.0,2015
NPT00592,2023-11-27,W043,R002,Atlantic Energy Guyana,Stabroek,Appraisal,Drilling,Stuck Pipe,Formation Instability,Operator,6.0,115000.0,247949.0,362949.0,Moderate,$250K - $500K,Medium,Unplanned,Day,Condition Hole,Closed,November,Q4,Short Rainy Season,Stena Carron,Stena Drilling,Drillship,460000.0,2015
NPT00158,2023-11-27,W012,R004,Atlantic Energy Guyana,Stabroek,Exploration,Drilling,Stuck Pipe,Bit Wear,Directional Drilling,2.0,40833.0,30300.0,71133.0,Minor,< $100K,Low,Unplanned,Day,Run Fishing Tools,Closed,November,Q4,Short Rainy Season,Noble Don Taylor,Noble,Drillship,490000.0,2020
NPT00384,2023-11-28,W029,R002,Atlantic Energy Guyana,Stabroek,Development,Personnel,Crew Change,Medical Emergency,HR,6.0,115000.0,117452.0,232452.0,Moderate,$100K - $250K,Medium,Unplanned,Night,Medical Clearance,In Progress,November,Q4,Short Rainy Season,Stena Carron,Stena Drilling,Drillship,460000.0,2015
NPT00350,2023-11-28,W026,R004,Atlantic Energy Guyana,Stabroek,Exploration,Mechanical,Draw Works Failure,Electrical Failure,Drilling Contractor,2.0,40833.0,48430.0,89263.0,Minor,< $100K,Low,Unplanned,Day,OEM Inspection,Closed,November,Q4,Short Rainy Season,Noble Don Taylor,Noble,Drillship,490000.0,2020
NPT00673,2023-11-28,W050,R004,Atlantic Energy Guyana,Stabroek,Appraisal,Drilling,Stuck Pipe,Differential Sticking,Mud Engineering,12.0,245000.0,368627.0,613627.0,Major,$500K - $1M,Medium,Unplanned,Night,Adjust Drilling Parameters,Closed,November,Q4,Short Rainy Season,Noble Don Taylor,Noble,Drillship,490000.0,2020
NPT00385,2023-11-29,W029,R002,Atlantic Energy Guyana,Stabroek,Development,Weather,Heavy Rain,Strong Wind,Marine Operations,2.0,38333.0,24538.0,62871.0,Minor,< $100K,Low,Unplanned,Night,Wait on Weather,In Progress,November,Q4,Short Rainy Season,Stena Carron,Stena Drilling,Drillship,460000.0,2015
NPT00386,2023-11-30,W029,R002,Atlantic Energy Guyana,Stabroek,Development,Mechanical,Draw Works Failure,Hydraulic Failure,Maintenance Team,8.0,153333.0,130015.0,283348.0,Moderate,$250K - $500K,Medium,Unplanned,Night,Replace Equipment,Closed,November,Q4,Short Rainy Season,Stena Carron,Stena Drilling,Drillship,460000.0,2015
NPT00041,2023-11-30,W003,R004,Atlantic Energy Guyana,Stabroek,Exploration,Mechanical,Power System Failure,Electrical Failure,Maintenance Team,6.0,122500.0,177370.0,299870.0,Moderate,$250K - $500K,Medium,Unplanned,Day,OEM Inspection,Closed,November,Q4,Short Rainy Season,Noble Don Taylor,Noble,Drillship,490000.0,2020
NPT00159,2023-11-30,W012,R004,Atlantic Energy Guyana,Stabroek,Exploration,Mechanical,Power System Failure,Equipment Wear,OEM Vendor,6.0,122500.0,63732.0,186232.0,Moderate,$100K - $250K,Medium,Unplanned,Day,Repair Component,Closed,November,Q4,Short Rainy Season,Noble Don Taylor,Noble,Drillship,490000.0,2020
NPT00264,2023-12-02,W020,R003,Atlantic Energy Guyana,Stabroek,Appraisal,Weather,Heavy Rain,High Waves,Marine Operations,4.0,80000.0,70919.0,150919.0,Minor,$100K - $250K,Low,Unplanned,Day,Suspend Operations,Open,December,Q4,Short Rainy Season,Stena DrillMAX,Stena Drilling,Drillship,480000.0,2018
NPT00387,2023-12-03,W029,R002,Atlantic Energy Guyana,Stabroek,Development,Weather,Heavy Rain,Lightning,Marine Operations,6.0,115000.0,262434.0,377434.0,Moderate,$250K - $500K,Medium,Unplanned,Day,Resume Operations,Closed,December,Q4,Short Rainy Season,Stena Carron,Stena Drilling,Drillship,460000.0,2015
NPT00265,2023-12-03,W020,R003,Atlantic Energy Guyana,Stabroek,Appraisal,Drilling,Hole Cleaning,Differential Sticking,Mud Engineering,4.0,80000.0,156404.0,236404.0,Minor,$100K - $250K,Low,Unplanned,Night,Adjust Drilling Parameters,Closed,December,Q4,Short Rainy Season,Stena DrillMAX,Stena Drilling,Drillship,480000.0,2018
NPT00042,2023-12-04,W003,R004,Atlantic Energy Guyana,Stabroek,Exploration,Mechanical,Draw Works Failure,Hydraulic Failure,Drilling Contractor,2.0,40833.0,50164.0,90997.0,Minor,< $100K,Low,Unplanned,Day,Repair Component,In Progress,December,Q4,Short Rainy Season,Noble Don Taylor,Noble,Drillship,490000.0,2020
NPT00160,2023-12-06,W012,R004,Atlantic Energy Guyana,Stabroek,Exploration,Logistics,Waiting on Materials,Customs Clearance,Marine Logistics,2.0,40833.0,67554.0,108387.0,Minor,$100K - $250K,Low,Unplanned,Day,Expedite Shipment,Closed,December,Q4,Short Rainy Season,Noble Don Taylor,Noble,Drillship,490000.0,2020
NPT00351,2023-12-06,W026,R004,Atlantic Energy Guyana,Stabroek,Exploration,Mechanical,Draw Works Failure,Equipment Wear,OEM Vendor,2.0,40833.0,31395.0,72228.0,Minor,< $100K,Low,Planned,Day,Repair Component,Closed,December,Q4,Short Rainy Season,Noble Don Taylor,Noble,Drillship,490000.0,2020
NPT00043,2023-12-07,W003,R004,Atlantic Energy Guyana,Stabroek,Exploration,Logistics,Waiting on Boat,Material Shortage,Procurement,2.0,40833.0,27318.0,68151.0,Minor,< $100K,Low,Unplanned,Day,Expedite Shipment,Closed,December,Q4,Short Rainy Season,Noble Don Taylor,Noble,Drillship,490000.0,2020
NPT00161,2023-12-07,W012,R004,Atlantic Energy Guyana,Stabroek,Exploration,Mechanical,Top Drive Failure,Equipment Wear,OEM Vendor,6.0,122500.0,226126.0,348626.0,Moderate,$250K - $500K,Medium,Unplanned,Night,OEM Inspection,Closed,December,Q4,Short Rainy Season,Noble Don Taylor,Noble,Drillship,490000.0,2020
NPT00388,2023-12-10,W029,R002,Atlantic Energy Guyana,Stabroek,Development,Drilling,Hole Cleaning,Bit Wear,Directional Drilling,4.0,76666.0,185391.0,262057.0,Minor,$250K - $500K,Low,Unplanned,Night,Run Fishing Tools,Closed,December,Q4,Short Rainy Season,Stena Carron,Stena Drilling,Drillship,460000.0,2015
NPT00352,2023-12-10,W026,R004,Atlantic Energy Guyana,Stabroek,Exploration,Logistics,Waiting on Boat,Late Supply Vessel,Marine Logistics,6.0,122500.0,186115.0,308615.0,Moderate,$250K - $500K,Medium,Unplanned,Night,Mobilize Supply Vessel,In Progress,December,Q4,Short Rainy Season,Noble Don Taylor,Noble,Drillship,490000.0,2020
NPT00279,2023-12-13,W021,R002,Atlantic Energy Guyana,Stabroek,Appraisal,Mechanical,Power System Failure,Electrical Failure,Drilling Contractor,12.0,230000.0,265392.0,495392.0,Major,$250K - $500K,Medium,Unplanned,Night,Repair Component,Closed,December,Q4,Short Rainy Season,Stena Carron,Stena Drilling,Drillship,460000.0,2015
NPT00389,2023-12-15,W029,R002,Atlantic Energy Guyana,Stabroek,Development,Drilling,Well Control,Unexpected Pressure,Directional Drilling,4.0,76666.0,148435.0,225101.0,Minor,$100K - $250K,Low,Unplanned,Day,Increase Mud Weight,Closed,December,Q4,Short Rainy Season,Stena Carron,Stena Drilling,Drillship,460000.0,2015
NPT00266,2023-12-15,W020,R003,Atlantic Energy Guyana,Stabroek,Appraisal,Mechanical,Rotary Table Failure,Poor Preventive Maintenance,Maintenance Team,4.0,80000.0,95170.0,175170.0,Minor,$100K - $250K,Low,Unplanned,Day,Replace Equipment,Closed,December,Q4,Short Rainy Season,Stena DrillMAX,Stena Drilling,Drillship,480000.0,2018
NPT00353,2023-12-15,W026,R004,Atlantic Energy Guyana,Stabroek,Exploration,Personnel,Safety Stand Down,Medical Emergency,Rig Management,18.0,367500.0,388821.0,756321.0,Major,$500K - $1M,High,Unplanned,Night,Crew Replacement,In Progress,December,Q4,Short Rainy Season,Noble Don Taylor,Noble,Drillship,490000.0,2020
NPT00044,2023-12-16,W003,R004,Atlantic Energy Guyana,Stabroek,Exploration,Mechanical,BOP Repair,Electrical Failure,OEM Vendor,6.0,122500.0,191741.0,314241.0,Moderate,$250K - $500K,Medium,Unplanned,Day,Preventive Maintenance,Closed,December,Q4,Short Rainy Season,Noble Don Taylor,Noble,Drillship,490000.0,2020
NPT00674,2023-12-17,W050,R004,Atlantic Energy Guyana,Stabroek,Appraisal,Weather,High Waves,High Waves,Marine Operations,6.0,122500.0,126592.0,249092.0,Moderate,$100K - $250K,Medium,Unplanned,Day,Wait on Weather,Closed,December,Q4,Short Rainy Season,Noble Don Taylor,Noble,Drillship,490000.0,2020
NPT00267,2023-12-18,W020,R003,Atlantic Energy Guyana,Stabroek,Appraisal,Mechanical,Rotary Table Failure,Poor Preventive Maintenance,OEM Vendor,8.0,160000.0,130021.0,290021.0,Moderate,$250K - $500K,Medium,Unplanned,Night,Preventive Maintenance,Closed,December,Q4,Short Rainy Season,Stena DrillMAX,Stena Drilling,Drillship,480000.0,2018
NPT00354,2023-12-18,W026,R004,Atlantic Energy Guyana,Stabroek,Exploration,Drilling,Stuck Pipe,Unexpected Pressure,Mud Engineering,4.0,81666.0,55037.0,136703.0,Minor,$100K - $250K,Low,Unplanned,Day,Condition Hole,Closed,December,Q4,Short Rainy Season,Noble Don Taylor,Noble,Drillship,490000.0,2020
NPT00280,2023-12-19,W021,R002,Atlantic Energy Guyana,Stabroek,Appraisal,Drilling,Well Control,Formation Instability,Mud Engineering,6.0,115000.0,172490.0,287490.0,Moderate,$250K - $500K,Medium,Unplanned,Night,Adjust Drilling Parameters,Closed,December,Q4,Short Rainy Season,Stena Carron,Stena Drilling,Drillship,460000.0,2015
NPT00045,2023-12-20,W003,R004,Atlantic Energy Guyana,Stabroek,Exploration,Weather,Strong Wind,Strong Wind,Marine Operations,4.0,81666.0,119164.0,200830.0,Minor,$100K - $250K,Low,Unplanned,Day,Suspend Operations,Closed,December,Q4,Short Rainy Season,Noble Don Taylor,Noble,Drillship,490000.0,2020
NPT00675,2023-12-22,W050,R004,Atlantic Energy Guyana,Stabroek,Appraisal,Drilling,Stuck Pipe,Unexpected Pressure,Operator,4.0,81666.0,122727.0,204393.0,Minor,$100K - $250K,Low,Unplanned,Day,Adjust Drilling Parameters,Closed,December,Q4,Short Rainy Season,Noble Don Taylor,Noble,Drillship,490000.0,2020
NPT00281,2023-12-23,W021,R002,Atlantic Energy Guyana,Stabroek,Appraisal,Mechanical,Draw Works Failure,OEM Defect,Drilling Contractor,2.0,38333.0,40806.0,79139.0,Minor,< $100K,Low,Unplanned,Night,Repair Component,Closed,December,Q4,Short Rainy Season,Stena Carron,Stena Drilling,Drillship,460000.0,2015
NPT00268,2023-12-23,W020,R003,Atlantic Energy Guyana,Stabroek,Appraisal,Personnel,Medical Evacuation,Training Requirement,Medical Team,2.0,40000.0,71032.0,111032.0,Minor,$100K - $250K,Low,Unplanned,Night,Safety Briefing,Closed,December,Q4,Short Rainy Season,Stena DrillMAX,Stena Drilling,Drillship,480000.0,2018
NPT00676,2023-12-24,W050,R004,Atlantic Energy Guyana,Stabroek,Appraisal,Drilling,Stuck Pipe,Formation Instability,Operator,8.0,163333.0,182981.0,346314.0,Moderate,$250K - $500K,Medium,Planned,Day,Increase Mud Weight,Closed,December,Q4,Short Rainy Season,Noble Don Taylor,Noble,Drillship,490000.0,2020
NPT00355,2023-12-25,W026,R004,Atlantic Energy Guyana,Stabroek,Exploration,Logistics,Waiting on Materials,Customs Clearance,Procurement,2.0,40833.0,41456.0,82289.0,Minor,< $100K,Low,Unplanned,Day,Expedite Shipment,Open,December,Q4,Short Rainy Season,Noble Don Taylor,Noble,Drillship,490000.0,2020
NPT00162,2023-12-26,W012,R004,Atlantic Energy Guyana,Stabroek,Exploration,Logistics,Waiting on Boat,Port Congestion,Procurement,6.0,122500.0,255221.0,377721.0,Moderate,$250K - $500K,Medium,Unplanned,Day,Mobilize Supply Vessel,Closed,December,Q4,Short Rainy Season,Noble Don Taylor,Noble,Drillship,490000.0,2020
NPT00163,2023-12-28,W012,R004,Atlantic Energy Guyana,Stabroek,Exploration,Logistics,Waiting on Cement,Customs Clearance,Marine Logistics,2.0,40833.0,100241.0,141074.0,Minor,$100K - $250K,Low,Unplanned,Night,Mobilize Supply Vessel,In Progress,December,Q4,Short Rainy Season,Noble Don Taylor,Noble,Drillship,490000.0,2020
NPT00677,2023-12-29,W050,R004,Atlantic Energy Guyana,Stabroek,Appraisal,Personnel,Medical Evacuation,Training Requirement,HR,6.0,122500.0,172937.0,295437.0,Moderate,$250K - $500K,Medium,Unplanned,Night,Medical Clearance,Closed,December,Q4,Short Rainy Season,Noble Don Taylor,Noble,Drillship,490000.0,2020
NPT00164,2023-12-30,W012,R004,Atlantic Energy Guyana,Stabroek,Exploration,Mechanical,Rotary Table Failure,Electrical Failure,OEM Vendor,4.0,81666.0,62073.0,143739.0,Minor,$100K - $250K,Low,Unplanned,Day,Repair Component,Closed,December,Q4,Short Rainy Season,Noble Don Taylor,Noble,Drillship,490000.0,2020
NPT00282,2023-12-31,W021,R002,Atlantic Energy Guyana,Stabroek,Appraisal,Mechanical,Mud Pump Failure,Electrical Failure,OEM Vendor,6.0,115000.0,207678.0,322678.0,Moderate,$250K - $500K,Medium,Unplanned,Day,Repair Component,Closed,December,Q4,Short Rainy Season,Stena Carron,Stena Drilling,Drillship,460000.0,2015
NPT00269,2024-01-01,W020,R003,Atlantic Energy Guyana,Stabroek,Appraisal,Weather,High Waves,Heavy Rain,Marine Operations,8.0,160000.0,364772.0,524772.0,Moderate,$500K - $1M,Medium,Planned,Night,Suspend Operations,Open,January,Q1,Short Rainy Season,Stena DrillMAX,Stena Drilling,Drillship,480000.0,2018
NPT00283,2024-01-04,W021,R002,Atlantic Energy Guyana,Stabroek,Appraisal,Logistics,Waiting on Materials,Port Congestion,Supply Chain,8.0,153333.0,239111.0,392444.0,Moderate,$250K - $500K,Medium,Unplanned,Day,Mobilize Supply Vessel,Closed,January,Q1,Short Rainy Season,Stena Carron,Stena Drilling,Drillship,460000.0,2015
NPT00165,2024-01-07,W012,R004,Atlantic Energy Guyana,Stabroek,Exploration,Drilling,Bit Failure,Unexpected Pressure,Operator,18.0,367500.0,574959.0,942459.0,Major,$500K - $1M,High,Unplanned,Night,Condition Hole,Closed,January,Q1,Short Rainy Season,Noble Don Taylor,Noble,Drillship,490000.0,2020
NPT00270,2024-01-08,W020,R003,Atlantic Energy Guyana,Stabroek,Appraisal,Mechanical,Mud Pump Failure,Electrical Failure,OEM Vendor,2.0,40000.0,81266.0,121266.0,Minor,$100K - $250K,Low,Unplanned,Night,Replace Equipment,Closed,January,Q1,Short Rainy Season,Stena DrillMAX,Stena Drilling,Drillship,480000.0,2018
NPT00197,2024-01-09,W015,R003,Atlantic Energy Guyana,Stabroek,Exploration,Drilling,Lost Circulation,Unexpected Pressure,Mud Engineering,8.0,160000.0,164904.0,324904.0,Moderate,$250K - $500K,Medium,Unplanned,Night,Run Fishing Tools,Open,January,Q1,Short Rainy Season,Stena DrillMAX,Stena Drilling,Drillship,480000.0,2018
NPT00271,2024-01-09,W020,R003,Atlantic Energy Guyana,Stabroek,Appraisal,Mechanical,Draw Works Failure,Poor Preventive Maintenance,Drilling Contractor,2.0,40000.0,79766.0,119766.0,Minor,$100K - $250K,Low,Unplanned,Day,OEM Inspection,Closed,January,Q1,Short Rainy Season,Stena DrillMAX,Stena Drilling,Drillship,480000.0,2018
NPT00272,2024-01-11,W020,R003,Atlantic Energy Guyana,Stabroek,Appraisal,Mechanical,Rotary Table Failure,Equipment Wear,Maintenance Team,2.0,40000.0,52909.0,92909.0,Minor,< $100K,Low,Unplanned,Day,Preventive Maintenance,Closed,January,Q1,Short Rainy Season,Stena DrillMAX,Stena Drilling,Drillship,480000.0,2018
NPT00273,2024-01-12,W020,R003,Atlantic Energy Guyana,Stabroek,Appraisal,Mechanical,Mud Pump Failure,Equipment Wear,Maintenance Team,2.0,40000.0,33971.0,73971.0,Minor,< $100K,Low,Unplanned,Day,OEM Inspection,Closed,January,Q1,Short Rainy Season,Stena DrillMAX,Stena Drilling,Drillship,480000.0,2018
NPT00198,2024-01-14,W015,R003,Atlantic Energy Guyana,Stabroek,Exploration,Drilling,Stuck Pipe,Bit Wear,Operator,4.0,80000.0,168562.0,248562.0,Minor,$100K - $250K,Low,Unplanned,Day,Condition Hole,Open,January,Q1,Short Rainy Season,Stena DrillMAX,Stena Drilling,Drillship,480000.0,2018
NPT00199,2024-01-15,W015,R003,Atlantic Energy Guyana,Stabroek,Exploration,Mechanical,Generator Failure,Equipment Wear,Drilling Contractor,8.0,160000.0,393128.0,553128.0,Moderate,$500K - $1M,Medium,Unplanned,Day,Repair Component,Closed,January,Q1,Short Rainy Season,Stena DrillMAX,Stena Drilling,Drillship,480000.0,2018
NPT00274,2024-01-16,W020,R003,Atlantic Energy Guyana,Stabroek,Appraisal,Logistics,Fuel Supply Delay,Customs Clearance,Supply Chain,6.0,120000.0,141830.0,261830.0,Moderate,$250K - $500K,Medium,Planned,Day,Air Freight Materials,Closed,January,Q1,Short Rainy Season,Stena DrillMAX,Stena Drilling,Drillship,480000.0,2018
NPT00275,2024-01-19,W020,R003,Atlantic Energy Guyana,Stabroek,Appraisal,Drilling,Fishing Operation,Differential Sticking,Directional Drilling,6.0,120000.0,223111.0,343111.0,Moderate,$250K - $500K,Medium,Unplanned,Night,Increase Mud Weight,Closed,January,Q1,Short Rainy Season,Stena DrillMAX,Stena Drilling,Drillship,480000.0,2018
NPT00322,2024-01-21,W024,R002,Atlantic Energy Guyana,Stabroek,Appraisal,Mechanical,BOP Repair,Hydraulic Failure,Drilling Contractor,8.0,153333.0,152401.0,305734.0,Moderate,$250K - $500K,Medium,Unplanned,Day,Replace Equipment,Closed,January,Q1,Short Rainy Season,Stena Carron,Stena Drilling,Drillship,460000.0,2015
NPT00390,2024-01-22,W029,R002,Atlantic Energy Guyana,Stabroek,Development,Weather,Strong Wind,High Waves,Marine Operations,4.0,76666.0,100636.0,177302.0,Minor,$100K - $250K,Low,Unplanned,Day,Suspend Operations,In Progress,January,Q1,Short Rainy Season,Stena Carron,Stena Drilling,Drillship,460000.0,2015
NPT00276,2024-01-22,W020,R003,Atlantic Energy Guyana,Stabroek,Appraisal,Mechanical,BOP Repair,OEM Defect,Drilling Contractor,2.0,40000.0,92216.0,132216.0,Minor,$100K - $250K,Low,Unplanned,Day,OEM Inspection,Closed,January,Q1,Short Rainy Season,Stena DrillMAX,Stena Drilling,Drillship,480000.0,2018
NPT00284,2024-01-23,W021,R002,Atlantic Energy Guyana,Stabroek,Appraisal,Mechanical,BOP Repair,Poor Preventive Maintenance,Drilling Contractor,4.0,76666.0,173767.0,250433.0,Minor,$250K - $500K,Low,Unplanned,Day,Preventive Maintenance,In Progress,January,Q1,Short Rainy Season,Stena Carron,Stena Drilling,Drillship,460000.0,2015
NPT00277,2024-01-24,W020,R003,Atlantic Energy Guyana,Stabroek,Appraisal,Mechanical,Power System Failure,Poor Preventive Maintenance,Drilling Contractor,4.0,80000.0,143184.0,223184.0,Minor,$100K - $250K,Low,Unplanned,Day,Replace Equipment,Closed,January,Q1,Short Rainy Season,Stena DrillMAX,Stena Drilling,Drillship,480000.0,2018
NPT00323,2024-01-25,W024,R002,Atlantic Energy Guyana,Stabroek,Appraisal,Drilling,Stuck Pipe,Unexpected Pressure,Directional Drilling,12.0,230000.0,245724.0,475724.0,Major,$250K - $500K,Medium,Unplanned,Night,Adjust Drilling Parameters,In Progress,January,Q1,Short Rainy Season,Stena Carron,Stena Drilling,Drillship,460000.0,2015
NPT00391,2024-01-27,W029,R002,Atlantic Energy Guyana,Stabroek,Development,Personnel,Medical Evacuation,Training Requirement,HR,2.0,38333.0,37984.0,76317.0,Minor,< $100K,Low,Unplanned,Day,Safety Briefing,Closed,January,Q1,Short Rainy Season,Stena Carron,Stena Drilling,Drillship,460000.0,2015
NPT00200,2024-01-27,W015,R003,Atlantic Energy Guyana,Stabroek,Exploration,Logistics,Waiting on Cement,Late Supply Vessel,Marine Logistics,4.0,80000.0,127428.0,207428.0,Minor,$100K - $250K,Low,Unplanned,Night,Expedite Shipment,Closed,January,Q1,Short Rainy Season,Stena DrillMAX,Stena Drilling,Drillship,480000.0,2018
NPT00278,2024-01-28,W020,R003,Atlantic Energy Guyana,Stabroek,Appraisal,Weather,Lightning,Heavy Rain,Weather,2.0,40000.0,91903.0,131903.0,Minor,$100K - $250K,Low,Unplanned,Night,Resume Operations,Closed,January,Q1,Short Rainy Season,Stena DrillMAX,Stena Drilling,Drillship,480000.0,2018
NPT00285,2024-01-29,W021,R002,Atlantic Energy Guyana,Stabroek,Appraisal,Logistics,Waiting on Cement,Port Congestion,Marine Logistics,18.0,345000.0,573898.0,918898.0,Major,$500K - $1M,High,Unplanned,Day,Mobilize Supply Vessel,Closed,January,Q1,Short Rainy Season,Stena Carron,Stena Drilling,Drillship,460000.0,2015
NPT00201,2024-01-29,W015,R003,Atlantic Energy Guyana,Stabroek,Exploration,Drilling,Well Control,Unexpected Pressure,Directional Drilling,2.0,40000.0,30537.0,70537.0,Minor,< $100K,Low,Unplanned,Night,Adjust Drilling Parameters,Closed,January,Q1,Short Rainy Season,Stena DrillMAX,Stena Drilling,Drillship,480000.0,2018
NPT00286,2024-02-01,W021,R002,Atlantic Energy Guyana,Stabroek,Appraisal,Weather,Strong Wind,Strong Wind,Marine Operations,6.0,115000.0,80176.0,195176.0,Moderate,$100K - $250K,Medium,Unplanned,Day,Wait on Weather,Closed,February,Q1,Dry Season,Stena Carron,Stena Drilling,Drillship,460000.0,2015
NPT00287,2024-02-02,W021,R002,Atlantic Energy Guyana,Stabroek,Appraisal,Mechanical,Draw Works Failure,Hydraulic Failure,OEM Vendor,6.0,115000.0,90497.0,205497.0,Moderate,$100K - $250K,Medium,Unplanned,Day,Preventive Maintenance,In Progress,February,Q1,Dry Season,Stena Carron,Stena Drilling,Drillship,460000.0,2015
NPT00392,2024-02-02,W029,R002,Atlantic Energy Guyana,Stabroek,Development,Weather,Poor Visibility,Heavy Rain,Weather,6.0,115000.0,152059.0,267059.0,Moderate,$250K - $500K,Medium,Unplanned,Day,Wait on Weather,In Progress,February,Q1,Dry Season,Stena Carron,Stena Drilling,Drillship,460000.0,2015
NPT00166,2024-02-02,W012,R004,Atlantic Energy Guyana,Stabroek,Exploration,Logistics,Delayed Helicopter,Customs Clearance,Marine Logistics,2.0,40833.0,57857.0,98690.0,Minor,< $100K,Low,Unplanned,Night,Air Freight Materials,Closed,February,Q1,Dry Season,Noble Don Taylor,Noble,Drillship,490000.0,2020
NPT00167,2024-02-03,W012,R004,Atlantic Energy Guyana,Stabroek,Exploration,Drilling,Fishing Operation,Formation Instability,Operator,4.0,81666.0,116402.0,198068.0,Minor,$100K - $250K,Low,Unplanned,Night,Adjust Drilling Parameters,In Progress,February,Q1,Dry Season,Noble Don Taylor,Noble,Drillship,490000.0,2020
NPT00393,2024-02-04,W029,R002,Atlantic Energy Guyana,Stabroek,Development,Logistics,Waiting on Materials,Material Shortage,Procurement,6.0,115000.0,239219.0,354219.0,Moderate,$250K - $500K,Medium,Unplanned,Day,Expedite Shipment,In Progress,February,Q1,Dry Season,Stena Carron,Stena Drilling,Drillship,460000.0,2015
NPT00288,2024-02-06,W021,R002,Atlantic Energy Guyana,Stabroek,Appraisal,Personnel,Medical Evacuation,Training Requirement,HR,2.0,38333.0,79231.0,117564.0,Minor,$100K - $250K,Low,Unplanned,Night,Medical Clearance,Closed,February,Q1,Dry Season,Stena Carron,Stena Drilling,Drillship,460000.0,2015
NPT00394,2024-02-06,W029,R002,Atlantic Energy Guyana,Stabroek,Development,Drilling,Lost Circulation,Differential Sticking,Operator,8.0,153333.0,201314.0,354647.0,Moderate,$250K - $500K,Medium,Unplanned,Day,Run Fishing Tools,Closed,February,Q1,Dry Season,Stena Carron,Stena Drilling,Drillship,460000.0,2015
NPT00289,2024-02-09,W021,R002,Atlantic Energy Guyana,Stabroek,Appraisal,Logistics,Waiting on Cement,Late Supply Vessel,Marine Logistics,6.0,115000.0,286496.0,401496.0,Moderate,$250K - $500K,Medium,Unplanned,Day,Expedite Shipment,Closed,February,Q1,Dry Season,Stena Carron,Stena Drilling,Drillship,460000.0,2015
NPT00324,2024-02-09,W024,R002,Atlantic Energy Guyana,Stabroek,Appraisal,Weather,Poor Visibility,High Waves,Marine Operations,4.0,76666.0,44941.0,121607.0,Minor,$100K - $250K,Low,Unplanned,Night,Wait on Weather,Closed,February,Q1,Dry Season,Stena Carron,Stena Drilling,Drillship,460000.0,2015
NPT00290,2024-02-10,W021,R002,Atlantic Energy Guyana,Stabroek,Appraisal,Logistics,Waiting on Cement,Late Supply Vessel,Marine Logistics,2.0,38333.0,40658.0,78991.0,Minor,< $100K,Low,Unplanned,Day,Expedite Shipment,Closed,February,Q1,Dry Season,Stena Carron,Stena Drilling,Drillship,460000.0,2015
NPT00291,2024-02-11,W021,R002,Atlantic Energy Guyana,Stabroek,Appraisal,Weather,Lightning,Lightning,Weather,2.0,38333.0,88590.0,126923.0,Minor,$100K - $250K,Low,Unplanned,Day,Resume Operations,Closed,February,Q1,Dry Season,Stena Carron,Stena Drilling,Drillship,460000.0,2015
NPT00202,2024-02-11,W015,R003,Atlantic Energy Guyana,Stabroek,Exploration,Drilling,Fishing Operation,Formation Instability,Operator,4.0,80000.0,93447.0,173447.0,Minor,$100K - $250K,Low,Unplanned,Day,Adjust Drilling Parameters,Closed,February,Q1,Dry Season,Stena DrillMAX,Stena Drilling,Drillship,480000.0,2018
NPT00325,2024-02-13,W024,R002,Atlantic Energy Guyana,Stabroek,Appraisal,Drilling,Stuck Pipe,Unexpected Pressure,Mud Engineering,4.0,76666.0,67775.0,144441.0,Minor,$100K - $250K,Low,Unplanned,Day,Run Fishing Tools,Closed,February,Q1,Dry Season,Stena Carron,Stena Drilling,Drillship,460000.0,2015
NPT00326,2024-02-14,W024,R002,Atlantic Energy Guyana,Stabroek,Appraisal,Logistics,Waiting on Materials,Material Shortage,Procurement,12.0,230000.0,541101.0,771101.0,Major,$500K - $1M,Medium,Unplanned,Night,Expedite Shipment,Closed,February,Q1,Dry Season,Stena Carron,Stena Drilling,Drillship,460000.0,2015
NPT00203,2024-02-14,W015,R003,Atlantic Energy Guyana,Stabroek,Exploration,Logistics,Waiting on Cement,Customs Clearance,Supply Chain,6.0,120000.0,295691.0,415691.0,Moderate,$250K - $500K,Medium,Planned,Day,Air Freight Materials,Closed,February,Q1,Dry Season,Stena DrillMAX,Stena Drilling,Drillship,480000.0,2018
NPT00204,2024-02-17,W015,R003,Atlantic Energy Guyana,Stabroek,Exploration,Logistics,Delayed Helicopter,Customs Clearance,Supply Chain,18.0,360000.0,883515.0,1243515.0,Major,> $1M,High,Unplanned,Day,Expedite Shipment,Closed,February,Q1,Dry Season,Stena DrillMAX,Stena Drilling,Drillship,480000.0,2018
NPT00292,2024-02-18,W021,R002,Atlantic Energy Guyana,Stabroek,Appraisal,Mechanical,Power System Failure,Hydraulic Failure,Drilling Contractor,6.0,115000.0,196670.0,311670.0,Moderate,$250K - $500K,Medium,Unplanned,Night,Preventive Maintenance,Closed,February,Q1,Dry Season,Stena Carron,Stena Drilling,Drillship,460000.0,2015
NPT00205,2024-02-18,W015,R003,Atlantic Energy Guyana,Stabroek,Exploration,Drilling,Fishing Operation,Differential Sticking,Operator,2.0,40000.0,25923.0,65923.0,Minor,< $100K,Low,Unplanned,Day,Condition Hole,Closed,February,Q1,Dry Season,Stena DrillMAX,Stena Drilling,Drillship,480000.0,2018
NPT00308,2024-02-18,W023,R004,Atlantic Energy Guyana,Stabroek,Exploration,Mechanical,Draw Works Failure,OEM Defect,OEM Vendor,4.0,81666.0,189343.0,271009.0,Minor,$250K - $500K,Low,Unplanned,Day,Repair Component,Closed,February,Q1,Dry Season,Noble Don Taylor,Noble,Drillship,490000.0,2020
NPT00293,2024-02-23,W021,R002,Atlantic Energy Guyana,Stabroek,Appraisal,Drilling,Lost Circulation,Formation Instability,Mud Engineering,6.0,115000.0,90381.0,205381.0,Moderate,$100K - $250K,Medium,Unplanned,Night,Run Fishing Tools,Open,February,Q1,Dry Season,Stena Carron,Stena Drilling,Drillship,460000.0,2015
NPT00168,2024-02-24,W012,R004,Atlantic Energy Guyana,Stabroek,Exploration,Logistics,Waiting on Boat,Late Supply Vessel,Supply Chain,12.0,245000.0,372611.0,617611.0,Major,$500K - $1M,Medium,Planned,Night,Mobilize Supply Vessel,Closed,February,Q1,Dry Season,Noble Don Taylor,Noble,Drillship,490000.0,2020
NPT00206,2024-02-25,W015,R003,Atlantic Energy Guyana,Stabroek,Exploration,Drilling,Well Control,Formation Instability,Mud Engineering,2.0,40000.0,27367.0,67367.0,Minor,< $100K,Low,Unplanned,Night,Run Fishing Tools,Closed,February,Q1,Dry Season,Stena DrillMAX,Stena Drilling,Drillship,480000.0,2018
NPT00309,2024-02-27,W023,R004,Atlantic Energy Guyana,Stabroek,Exploration,Drilling,Well Control,Unexpected Pressure,Directional Drilling,6.0,122500.0,274722.0,397222.0,Moderate,$250K - $500K,Medium,Unplanned,Day,Adjust Drilling Parameters,Closed,February,Q1,Dry Season,Noble Don Taylor,Noble,Drillship,490000.0,2020
NPT00310,2024-03-02,W023,R004,Atlantic Energy Guyana,Stabroek,Exploration,Logistics,Waiting on Boat,Port Congestion,Supply Chain,6.0,122500.0,257837.0,380337.0,Moderate,$250K - $500K,Medium,Unplanned,Day,Expedite Shipment,Closed,March,Q1,Dry Season,Noble Don Taylor,Noble,Drillship,490000.0,2020
NPT00311,2024-03-04,W023,R004,Atlantic Energy Guyana,Stabroek,Exploration,Personnel,Crew Change,Medical Emergency,Medical Team,18.0,367500.0,774135.0,1141635.0,Major,> $1M,High,Unplanned,Day,Medical Clearance,Closed,March,Q1,Dry Season,Noble Don Taylor,Noble,Drillship,490000.0,2020
NPT00294,2024-03-05,W021,R002,Atlantic Energy Guyana,Stabroek,Appraisal,Mechanical,Power System Failure,OEM Defect,OEM Vendor,2.0,38333.0,78798.0,117131.0,Minor,$100K - $250K,Low,Unplanned,Day,OEM Inspection,Closed,March,Q1,Dry Season,Stena Carron,Stena Drilling,Drillship,460000.0,2015
NPT00207,2024-03-07,W015,R003,Atlantic Energy Guyana,Stabroek,Exploration,Mechanical,BOP Repair,Hydraulic Failure,Drilling Contractor,6.0,120000.0,245352.0,365352.0,Moderate,$250K - $500K,Medium,Unplanned,Night,Repair Component,Open,March,Q1,Dry Season,Stena DrillMAX,Stena Drilling,Drillship,480000.0,2018
NPT00312,2024-03-07,W023,R004,Atlantic Energy Guyana,Stabroek,Exploration,Drilling,Well Control,Bit Wear,Mud Engineering,4.0,81666.0,55231.0,136897.0,Minor,$100K - $250K,Low,Unplanned,Night,Run Fishing Tools,In Progress,March,Q1,Dry Season,Noble Don Taylor,Noble,Drillship,490000.0,2020
NPT00327,2024-03-08,W024,R002,Atlantic Energy Guyana,Stabroek,Appraisal,Drilling,Well Control,Differential Sticking,Operator,4.0,76666.0,70081.0,146747.0,Minor,$100K - $250K,Low,Unplanned,Day,Condition Hole,Closed,March,Q1,Dry Season,Stena Carron,Stena Drilling,Drillship,460000.0,2015
NPT00208,2024-03-10,W015,R003,Atlantic Energy Guyana,Stabroek,Exploration,Drilling,Hole Cleaning,Unexpected Pressure,Mud Engineering,6.0,120000.0,208139.0,328139.0,Moderate,$250K - $500K,Medium,Unplanned,Day,Condition Hole,Closed,March,Q1,Dry Season,Stena DrillMAX,Stena Drilling,Drillship,480000.0,2018
NPT00020,2024-03-14,W002,R001,Atlantic Energy Guyana,Stabroek,Development,Drilling,Bit Failure,Bit Wear,Directional Drilling,6.0,118750.0,226214.0,344964.0,Moderate,$250K - $500K,Medium,Unplanned,Night,Increase Mud Weight,Closed,March,Q1,Dry Season,Noble Bob Douglas,Noble,Drillship,475000.0,2013
NPT00328,2024-03-16,W024,R002,Atlantic Energy Guyana,Stabroek,Appraisal,Drilling,Bit Failure,Unexpected Pressure,Directional Drilling,2.0,38333.0,86372.0,124705.0,Minor,$100K - $250K,Low,Unplanned,Day,Increase Mud Weight,Open,March,Q1,Dry Season,Stena Carron,Stena Drilling,Drillship,460000.0,2015
NPT00209,2024-03-18,W015,R003,Atlantic Energy Guyana,Stabroek,Exploration,Logistics,Fuel Supply Delay,Late Supply Vessel,Procurement,4.0,80000.0,147308.0,227308.0,Minor,$100K - $250K,Low,Unplanned,Day,Mobilize Supply Vessel,Closed,March,Q1,Dry Season,Stena DrillMAX,Stena Drilling,Drillship,480000.0,2018
NPT00329,2024-03-22,W024,R002,Atlantic Energy Guyana,Stabroek,Appraisal,Mechanical,BOP Repair,Poor Preventive Maintenance,OEM Vendor,2.0,38333.0,86067.0,124400.0,Minor,$100K - $250K,Low,Unplanned,Day,Preventive Maintenance,In Progress,March,Q1,Dry Season,Stena Carron,Stena Drilling,Drillship,460000.0,2015
NPT00330,2024-03-23,W024,R002,Atlantic Energy Guyana,Stabroek,Appraisal,Drilling,Lost Circulation,Differential Sticking,Directional Drilling,6.0,115000.0,184818.0,299818.0,Moderate,$250K - $500K,Medium,Unplanned,Day,Adjust Drilling Parameters,Closed,March,Q1,Dry Season,Stena Carron,Stena Drilling,Drillship,460000.0,2015
NPT00210,2024-03-23,W015,R003,Atlantic Energy Guyana,Stabroek,Exploration,Personnel,Safety Stand Down,Training Requirement,HR,2.0,40000.0,53981.0,93981.0,Minor,< $100K,Low,Planned,Night,Crew Replacement,Closed,March,Q1,Dry Season,Stena DrillMAX,Stena Drilling,Drillship,480000.0,2018
NPT00313,2024-03-24,W023,R004,Atlantic Energy Guyana,Stabroek,Exploration,Weather,Lightning,Storm,Weather,12.0,245000.0,431874.0,676874.0,Major,$500K - $1M,Medium,Planned,Night,Resume Operations,Closed,March,Q1,Dry Season,Noble Don Taylor,Noble,Drillship,490000.0,2020
NPT00021,2024-03-30,W002,R001,Atlantic Energy Guyana,Stabroek,Development,Drilling,Bit Failure,Bit Wear,Operator,6.0,118750.0,68245.0,186995.0,Moderate,$100K - $250K,Medium,Unplanned,Night,Run Fishing Tools,Open,March,Q1,Dry Season,Noble Bob Douglas,Noble,Drillship,475000.0,2013
NPT00314,2024-03-31,W023,R004,Atlantic Energy Guyana,Stabroek,Exploration,Mechanical,Top Drive Failure,OEM Defect,Drilling Contractor,4.0,81666.0,112807.0,194473.0,Minor,$100K - $250K,Low,Unplanned,Day,Repair Component,Closed,March,Q1,Dry Season,Noble Don Taylor,Noble,Drillship,490000.0,2020
NPT00022,2024-04-02,W002,R001,Atlantic Energy Guyana,Stabroek,Development,Drilling,Hole Cleaning,Unexpected Pressure,Operator,2.0,39583.0,70254.0,109837.0,Minor,$100K - $250K,Low,Planned,Day,Increase Mud Weight,Closed,April,Q2,Dry Season,Noble Bob Douglas,Noble,Drillship,475000.0,2013
NPT00331,2024-04-04,W024,R002,Atlantic Energy Guyana,Stabroek,Appraisal,Drilling,Stuck Pipe,Formation Instability,Operator,2.0,38333.0,66638.0,104971.0,Minor,$100K - $250K,Low,Unplanned,Night,Run Fishing Tools,Closed,April,Q2,Dry Season,Stena Carron,Stena Drilling,Drillship,460000.0,2015
NPT00315,2024-04-04,W023,R004,Atlantic Energy Guyana,Stabroek,Exploration,Personnel,Medical Evacuation,Medical Emergency,HR,6.0,122500.0,253590.0,376090.0,Moderate,$250K - $500K,Medium,Unplanned,Day,Crew Replacement,Closed,April,Q2,Dry Season,Noble Don Taylor,Noble,Drillship,490000.0,2020
NPT00169,2024-04-05,W013,R003,Atlantic Energy Guyana,Stabroek,Appraisal,Drilling,Hole Cleaning,Differential Sticking,Mud Engineering,6.0,120000.0,253064.0,373064.0,Moderate,$250K - $500K,Medium,Unplanned,Day,Increase Mud Weight,Closed,April,Q2,Dry Season,Stena DrillMAX,Stena Drilling,Drillship,480000.0,2018
NPT00332,2024-04-08,W024,R002,Atlantic Energy Guyana,Stabroek,Appraisal,Drilling,Stuck Pipe,Differential Sticking,Operator,4.0,76666.0,132348.0,209014.0,Minor,$100K - $250K,Low,Unplanned,Day,Condition Hole,Closed,April,Q2,Dry Season,Stena Carron,Stena Drilling,Drillship,460000.0,2015
NPT00366,2024-04-09,W028,R002,Atlantic Energy Guyana,Stabroek,Exploration,Drilling,Lost Circulation,Unexpected Pressure,Directional Drilling,6.0,115000.0,87189.0,202189.0,Moderate,$100K - $250K,Medium,Unplanned,Night,Run Fishing Tools,Closed,April,Q2,Dry Season,Stena Carron,Stena Drilling,Drillship,460000.0,2015
NPT00170,2024-04-09,W013,R003,Atlantic Energy Guyana,Stabroek,Appraisal,Personnel,Safety Stand Down,Medical Emergency,HR,2.0,40000.0,25522.0,65522.0,Minor,< $100K,Low,Planned,Day,Safety Briefing,Closed,April,Q2,Dry Season,Stena DrillMAX,Stena Drilling,Drillship,480000.0,2018
NPT00023,2024-04-10,W002,R001,Atlantic Energy Guyana,Stabroek,Development,Mechanical,Generator Failure,Equipment Wear,Drilling Contractor,2.0,39583.0,76363.0,115946.0,Minor,$100K - $250K,Low,Unplanned,Day,Replace Equipment,Closed,April,Q2,Dry Season,Noble Bob Douglas,Noble,Drillship,475000.0,2013
NPT00171,2024-04-10,W013,R003,Atlantic Energy Guyana,Stabroek,Appraisal,Personnel,Safety Stand Down,Crew Rotation,Medical Team,8.0,160000.0,104847.0,264847.0,Moderate,$250K - $500K,Medium,Unplanned,Day,Crew Replacement,Closed,April,Q2,Dry Season,Stena DrillMAX,Stena Drilling,Drillship,480000.0,2018
NPT00126,2024-04-11,W010,R002,Atlantic Energy Guyana,Stabroek,Exploration,Mechanical,Rotary Table Failure,Poor Preventive Maintenance,OEM Vendor,8.0,153333.0,152314.0,305647.0,Moderate,$250K - $500K,Medium,Unplanned,Day,Replace Equipment,Open,April,Q2,Dry Season,Stena Carron,Stena Drilling,Drillship,460000.0,2015
NPT00172,2024-04-13,W013,R003,Atlantic Energy Guyana,Stabroek,Appraisal,Weather,Heavy Rain,Strong Wind,Marine Operations,6.0,120000.0,223619.0,343619.0,Moderate,$250K - $500K,Medium,Planned,Day,Suspend Operations,Closed,April,Q2,Dry Season,Stena DrillMAX,Stena Drilling,Drillship,480000.0,2018
NPT00127,2024-04-14,W010,R002,Atlantic Energy Guyana,Stabroek,Exploration,Weather,Strong Wind,Storm,Marine Operations,6.0,115000.0,139238.0,254238.0,Moderate,$250K - $500K,Medium,Unplanned,Night,Suspend Operations,In Progress,April,Q2,Dry Season,Stena Carron,Stena Drilling,Drillship,460000.0,2015
NPT00173,2024-04-14,W013,R003,Atlantic Energy Guyana,Stabroek,Appraisal,Logistics,Fuel Supply Delay,Customs Clearance,Marine Logistics,2.0,40000.0,42480.0,82480.0,Minor,< $100K,Low,Unplanned,Day,Expedite Shipment,In Progress,April,Q2,Dry Season,Stena DrillMAX,Stena Drilling,Drillship,480000.0,2018
NPT00128,2024-04-17,W010,R002,Atlantic Energy Guyana,Stabroek,Exploration,Drilling,Bit Failure,Unexpected Pressure,Operator,2.0,38333.0,30581.0,68914.0,Minor,< $100K,Low,Unplanned,Day,Run Fishing Tools,Closed,April,Q2,Dry Season,Stena Carron,Stena Drilling,Drillship,460000.0,2015
NPT00367,2024-04-17,W028,R002,Atlantic Energy Guyana,Stabroek,Exploration,Weather,Lightning,Storm,Marine Operations,4.0,76666.0,169923.0,246589.0,Minor,$100K - $250K,Low,Unplanned,Night,Wait on Weather,Closed,April,Q2,Dry Season,Stena Carron,Stena Drilling,Drillship,460000.0,2015
NPT00333,2024-04-18,W024,R002,Atlantic Energy Guyana,Stabroek,Appraisal,Mechanical,Power System Failure,OEM Defect,OEM Vendor,8.0,153333.0,260743.0,414076.0,Moderate,$250K - $500K,Medium,Unplanned,Day,Replace Equipment,Closed,April,Q2,Dry Season,Stena Carron,Stena Drilling,Drillship,460000.0,2015
NPT00316,2024-04-19,W023,R004,Atlantic Energy Guyana,Stabroek,Exploration,Mechanical,Generator Failure,Hydraulic Failure,Drilling Contractor,2.0,40833.0,34121.0,74954.0,Minor,< $100K,Low,Unplanned,Night,Repair Component,Closed,April,Q2,Dry Season,Noble Don Taylor,Noble,Drillship,490000.0,2020
NPT00317,2024-04-20,W023,R004,Atlantic Energy Guyana,Stabroek,Exploration,Mechanical,Mud Pump Failure,Equipment Wear,OEM Vendor,8.0,163333.0,324715.0,488048.0,Moderate,$250K - $500K,Medium,Unplanned,Day,Replace Equipment,Open,April,Q2,Dry Season,Noble Don Taylor,Noble,Drillship,490000.0,2020
NPT00024,2024-04-21,W002,R001,Atlantic Energy Guyana,Stabroek,Development,Mechanical,Generator Failure,Equipment Wear,Maintenance Team,18.0,356250.0,753050.0,1109300.0,Major,> $1M,High,Unplanned,Day,Repair Component,Closed,April,Q2,Dry Season,Noble Bob Douglas,Noble,Drillship,475000.0,2013
NPT00436,2024-04-22,W033,R002,Atlantic Energy Guyana,Stabroek,Appraisal,Mechanical,Generator Failure,Electrical Failure,Drilling Contractor,6.0,115000.0,177855.0,292855.0,Moderate,$250K - $500K,Medium,Unplanned,Day,OEM Inspection,Closed,April,Q2,Dry Season,Stena Carron,Stena Drilling,Drillship,460000.0,2015
NPT00437,2024-04-23,W033,R002,Atlantic Energy Guyana,Stabroek,Appraisal,Mechanical,Rotary Table Failure,Poor Preventive Maintenance,OEM Vendor,12.0,230000.0,161849.0,391849.0,Major,$250K - $500K,Medium,Unplanned,Day,Preventive Maintenance,Open,April,Q2,Dry Season,Stena Carron,Stena Drilling,Drillship,460000.0,2015
NPT00025,2024-04-25,W002,R001,Atlantic Energy Guyana,Stabroek,Development,Logistics,Fuel Supply Delay,Material Shortage,Procurement,6.0,118750.0,98071.0,216821.0,Moderate,$100K - $250K,Medium,Unplanned,Night,Expedite Shipment,Closed,April,Q2,Dry Season,Noble Bob Douglas,Noble,Drillship,475000.0,2013
NPT00368,2024-04-25,W028,R002,Atlantic Energy Guyana,Stabroek,Exploration,Mechanical,Power System Failure,Hydraulic Failure,OEM Vendor,8.0,153333.0,276056.0,429389.0,Moderate,$250K - $500K,Medium,Unplanned,Night,OEM Inspection,In Progress,April,Q2,Dry Season,Stena Carron,Stena Drilling,Drillship,460000.0,2015
NPT00318,2024-04-25,W023,R004,Atlantic Energy Guyana,Stabroek,Exploration,Mechanical,Mud Pump Failure,Hydraulic Failure,Drilling Contractor,2.0,40833.0,86980.0,127813.0,Minor,$100K - $250K,Low,Unplanned,Night,Replace Equipment,Closed,April,Q2,Dry Season,Noble Don Taylor,Noble,Drillship,490000.0,2020
NPT00026,2024-04-26,W002,R001,Atlantic Energy Guyana,Stabroek,Development,Drilling,Stuck Pipe,Unexpected Pressure,Mud Engineering,6.0,118750.0,188958.0,307708.0,Moderate,$250K - $500K,Medium,Unplanned,Night,Adjust Drilling Parameters,Closed,April,Q2,Dry Season,Noble Bob Douglas,Noble,Drillship,475000.0,2013
NPT00174,2024-04-27,W013,R003,Atlantic Energy Guyana,Stabroek,Appraisal,Logistics,Waiting on Cement,Material Shortage,Marine Logistics,2.0,40000.0,64200.0,104200.0,Minor,$100K - $250K,Low,Unplanned,Night,Expedite Shipment,Closed,April,Q2,Dry Season,Stena DrillMAX,Stena Drilling,Drillship,480000.0,2018
NPT00129,2024-04-29,W010,R002,Atlantic Energy Guyana,Stabroek,Exploration,Drilling,Fishing Operation,Unexpected Pressure,Operator,2.0,38333.0,24138.0,62471.0,Minor,< $100K,Low,Unplanned,Day,Condition Hole,Closed,April,Q2,Dry Season,Stena Carron,Stena Drilling,Drillship,460000.0,2015
NPT00369,2024-04-29,W028,R002,Atlantic Energy Guyana,Stabroek,Exploration,Weather,Strong Wind,Strong Wind,Marine Operations,2.0,38333.0,68316.0,106649.0,Minor,$100K - $250K,Low,Unplanned,Day,Resume Operations,Closed,April,Q2,Dry Season,Stena Carron,Stena Drilling,Drillship,460000.0,2015
NPT00438,2024-04-29,W033,R002,Atlantic Energy Guyana,Stabroek,Appraisal,Weather,Heavy Rain,Storm,Marine Operations,2.0,38333.0,72796.0,111129.0,Minor,$100K - $250K,Low,Unplanned,Night,Resume Operations,Closed,April,Q2,Dry Season,Stena Carron,Stena Drilling,Drillship,460000.0,2015
NPT00175,2024-04-29,W013,R003,Atlantic Energy Guyana,Stabroek,Appraisal,Logistics,Waiting on Cement,Customs Clearance,Procurement,4.0,80000.0,159783.0,239783.0,Minor,$100K - $250K,Low,Unplanned,Night,Air Freight Materials,Open,April,Q2,Dry Season,Stena DrillMAX,Stena Drilling,Drillship,480000.0,2018
NPT00319,2024-04-29,W023,R004,Atlantic Energy Guyana,Stabroek,Exploration,Drilling,Fishing Operation,Bit Wear,Mud Engineering,4.0,81666.0,185627.0,267293.0,Minor,$250K - $500K,Low,Unplanned,Day,Adjust Drilling Parameters,Closed,April,Q2,Dry Season,Noble Don Taylor,Noble,Drillship,490000.0,2020
NPT00615,2024-04-30,W046,R003,Atlantic Energy Guyana,Stabroek,Appraisal,Drilling,Fishing Operation,Unexpected Pressure,Operator,8.0,160000.0,137440.0,297440.0,Moderate,$250K - $500K,Medium,Unplanned,Day,Adjust Drilling Parameters,Open,April,Q2,Dry Season,Stena DrillMAX,Stena Drilling,Drillship,480000.0,2018
NPT00439,2024-05-01,W033,R002,Atlantic Energy Guyana,Stabroek,Appraisal,Drilling,Lost Circulation,Formation Instability,Directional Drilling,4.0,76666.0,107302.0,183968.0,Minor,$100K - $250K,Low,Unplanned,Night,Adjust Drilling Parameters,Open,May,Q2,Long Rainy Season,Stena Carron,Stena Drilling,Drillship,460000.0,2015
NPT00176,2024-05-01,W013,R003,Atlantic Energy Guyana,Stabroek,Appraisal,Weather,Strong Wind,Storm,Weather,8.0,160000.0,158983.0,318983.0,Moderate,$250K - $500K,Medium,Planned,Night,Resume Operations,Open,May,Q2,Long Rainy Season,Stena DrillMAX,Stena Drilling,Drillship,480000.0,2018
NPT00027,2024-05-02,W002,R001,Atlantic Energy Guyana,Stabroek,Development,Mechanical,Mud Pump Failure,OEM Defect,OEM Vendor,6.0,118750.0,64902.0,183652.0,Moderate,$100K - $250K,Medium,Planned,Day,Repair Component,Closed,May,Q2,Long Rainy Season,Noble Bob Douglas,Noble,Drillship,475000.0,2013
NPT00370,2024-05-02,W028,R002,Atlantic Energy Guyana,Stabroek,Exploration,Personnel,Crew Change,Training Requirement,Rig Management,4.0,76666.0,79447.0,156113.0,Minor,$100K - $250K,Low,Unplanned,Night,Crew Replacement,Closed,May,Q2,Long Rainy Season,Stena Carron,Stena Drilling,Drillship,460000.0,2015
NPT00495,2024-05-02,W037,R002,Atlantic Energy Guyana,Stabroek,Appraisal,Drilling,Stuck Pipe,Unexpected Pressure,Directional Drilling,4.0,76666.0,106832.0,183498.0,Minor,$100K - $250K,Low,Unplanned,Day,Condition Hole,Closed,May,Q2,Long Rainy Season,Stena Carron,Stena Drilling,Drillship,460000.0,2015
NPT00371,2024-05-04,W028,R002,Atlantic Energy Guyana,Stabroek,Exploration,Drilling,Stuck Pipe,Unexpected Pressure,Operator,12.0,230000.0,150405.0,380405.0,Major,$250K - $500K,Medium,Unplanned,Day,Increase Mud Weight,Closed,May,Q2,Long Rainy Season,Stena Carron,Stena Drilling,Drillship,460000.0,2015
NPT00496,2024-05-04,W037,R002,Atlantic Energy Guyana,Stabroek,Appraisal,Weather,Poor Visibility,Lightning,Marine Operations,4.0,76666.0,55100.0,131766.0,Minor,$100K - $250K,Low,Unplanned,Night,Resume Operations,Closed,May,Q2,Long Rainy Season,Stena Carron,Stena Drilling,Drillship,460000.0,2015
NPT00177,2024-05-04,W013,R003,Atlantic Energy Guyana,Stabroek,Appraisal,Weather,Heavy Rain,High Waves,Marine Operations,4.0,80000.0,185590.0,265590.0,Minor,$250K - $500K,Low,Unplanned,Night,Resume Operations,Closed,May,Q2,Long Rainy Season,Stena DrillMAX,Stena Drilling,Drillship,480000.0,2018
NPT00028,2024-05-05,W002,R001,Atlantic Energy Guyana,Stabroek,Development,Drilling,Hole Cleaning,Bit Wear,Operator,8.0,158333.0,316860.0,475193.0,Moderate,$250K - $500K,Medium,Unplanned,Day,Adjust Drilling Parameters,In Progress,May,Q2,Long Rainy Season,Noble Bob Douglas,Noble,Drillship,475000.0,2013
NPT00178,2024-05-07,W013,R003,Atlantic Energy Guyana,Stabroek,Appraisal,Drilling,Lost Circulation,Formation Instability,Operator,6.0,120000.0,231131.0,351131.0,Moderate,$250K - $500K,Medium,Unplanned,Day,Adjust Drilling Parameters,In Progress,May,Q2,Long Rainy Season,Stena DrillMAX,Stena Drilling,Drillship,480000.0,2018
NPT00320,2024-05-07,W023,R004,Atlantic Energy Guyana,Stabroek,Exploration,Mechanical,Draw Works Failure,Electrical Failure,Maintenance Team,4.0,81666.0,71396.0,153062.0,Minor,$100K - $250K,Low,Unplanned,Day,OEM Inspection,Open,May,Q2,Long Rainy Season,Noble Don Taylor,Noble,Drillship,490000.0,2020
NPT00130,2024-05-09,W010,R002,Atlantic Energy Guyana,Stabroek,Exploration,Mechanical,Generator Failure,Poor Preventive Maintenance,Maintenance Team,8.0,153333.0,121885.0,275218.0,Moderate,$250K - $500K,Medium,Unplanned,Day,Repair Component,Closed,May,Q2,Long Rainy Season,Stena Carron,Stena Drilling,Drillship,460000.0,2015
NPT00497,2024-05-09,W037,R002,Atlantic Energy Guyana,Stabroek,Appraisal,Mechanical,Generator Failure,Equipment Wear,Drilling Contractor,4.0,76666.0,159831.0,236497.0,Minor,$100K - $250K,Low,Unplanned,Night,OEM Inspection,In Progress,May,Q2,Long Rainy Season,Stena Carron,Stena Drilling,Drillship,460000.0,2015
NPT00131,2024-05-12,W010,R002,Atlantic Energy Guyana,Stabroek,Exploration,Weather,Heavy Rain,Strong Wind,Marine Operations,24.0,460000.0,815283.0,1275283.0,Critical,> $1M,High,Unplanned,Night,Wait on Weather,Closed,May,Q2,Long Rainy Season,Stena Carron,Stena Drilling,Drillship,460000.0,2015
NPT00440,2024-05-12,W033,R002,Atlantic Energy Guyana,Stabroek,Appraisal,Drilling,Fishing Operation,Formation Instability,Directional Drilling,6.0,115000.0,225265.0,340265.0,Moderate,$250K - $500K,Medium,Unplanned,Day,Adjust Drilling Parameters,Open,May,Q2,Long Rainy Season,Stena Carron,Stena Drilling,Drillship,460000.0,2015
NPT00132,2024-05-14,W010,R002,Atlantic Energy Guyana,Stabroek,Exploration,Weather,Lightning,Heavy Rain,Marine Operations,18.0,345000.0,286552.0,631552.0,Major,$500K - $1M,High,Unplanned,Night,Suspend Operations,Closed,May,Q2,Long Rainy Season,Stena Carron,Stena Drilling,Drillship,460000.0,2015
NPT00372,2024-05-14,W028,R002,Atlantic Energy Guyana,Stabroek,Exploration,Logistics,Delayed Helicopter,Customs Clearance,Marine Logistics,4.0,76666.0,154351.0,231017.0,Minor,$100K - $250K,Low,Unplanned,Day,Expedite Shipment,Open,May,Q2,Long Rainy Season,Stena Carron,Stena Drilling,Drillship,460000.0,2015
NPT00179,2024-05-14,W013,R003,Atlantic Energy Guyana,Stabroek,Appraisal,Drilling,Fishing Operation,Formation Instability,Directional Drilling,4.0,80000.0,113231.0,193231.0,Minor,$100K - $250K,Low,Unplanned,Day,Condition Hole,Closed,May,Q2,Long Rainy Season,Stena DrillMAX,Stena Drilling,Drillship,480000.0,2018
NPT00321,2024-05-16,W023,R004,Atlantic Energy Guyana,Stabroek,Exploration,Personnel,Safety Stand Down,Medical Emergency,Medical Team,4.0,81666.0,60840.0,142506.0,Minor,$100K - $250K,Low,Unplanned,Day,Medical Clearance,Closed,May,Q2,Long Rainy Season,Noble Don Taylor,Noble,Drillship,490000.0,2020
NPT00029,2024-05-17,W002,R001,Atlantic Energy Guyana,Stabroek,Development,Logistics,Fuel Supply Delay,Customs Clearance,Supply Chain,4.0,79166.0,173712.0,252878.0,Minor,$250K - $500K,Low,Unplanned,Day,Expedite Shipment,Closed,May,Q2,Long Rainy Season,Noble Bob Douglas,Noble,Drillship,475000.0,2013
NPT00295,2024-05-17,W022,R001,Atlantic Energy Guyana,Stabroek,Appraisal,Drilling,Hole Cleaning,Bit Wear,Operator,12.0,237500.0,199439.0,436939.0,Major,$250K - $500K,Medium,Unplanned,Day,Run Fishing Tools,Closed,May,Q2,Long Rainy Season,Noble Bob Douglas,Noble,Drillship,475000.0,2013
NPT00296,2024-05-18,W022,R001,Atlantic Energy Guyana,Stabroek,Appraisal,Weather,High Waves,Strong Wind,Weather,2.0,39583.0,63322.0,102905.0,Minor,$100K - $250K,Low,Unplanned,Day,Suspend Operations,Closed,May,Q2,Long Rainy Season,Noble Bob Douglas,Noble,Drillship,475000.0,2013
NPT00180,2024-05-18,W013,R003,Atlantic Energy Guyana,Stabroek,Appraisal,Drilling,Lost Circulation,Formation Instability,Operator,12.0,240000.0,542475.0,782475.0,Major,$500K - $1M,Medium,Unplanned,Night,Adjust Drilling Parameters,Closed,May,Q2,Long Rainy Season,Stena DrillMAX,Stena Drilling,Drillship,480000.0,2018
NPT00373,2024-05-19,W028,R002,Atlantic Energy Guyana,Stabroek,Exploration,Drilling,Hole Cleaning,Unexpected Pressure,Directional Drilling,2.0,38333.0,40944.0,79277.0,Minor,< $100K,Low,Unplanned,Night,Adjust Drilling Parameters,Closed,May,Q2,Long Rainy Season,Stena Carron,Stena Drilling,Drillship,460000.0,2015
NPT00441,2024-05-19,W033,R002,Atlantic Energy Guyana,Stabroek,Appraisal,Logistics,Fuel Supply Delay,Material Shortage,Supply Chain,4.0,76666.0,165696.0,242362.0,Minor,$100K - $250K,Low,Unplanned,Night,Expedite Shipment,Open,May,Q2,Long Rainy Season,Stena Carron,Stena Drilling,Drillship,460000.0,2015
NPT00297,2024-05-20,W022,R001,Atlantic Energy Guyana,Stabroek,Appraisal,Weather,Poor Visibility,High Waves,Weather,6.0,118750.0,138221.0,256971.0,Moderate,$250K - $500K,Medium,Unplanned,Night,Resume Operations,In Progress,May,Q2,Long Rainy Season,Noble Bob Douglas,Noble,Drillship,475000.0,2013
NPT00616,2024-05-20,W046,R003,Atlantic Energy Guyana,Stabroek,Appraisal,Logistics,Waiting on Materials,Port Congestion,Marine Logistics,12.0,240000.0,374455.0,614455.0,Major,$500K - $1M,Medium,Unplanned,Day,Expedite Shipment,Closed,May,Q2,Long Rainy Season,Stena DrillMAX,Stena Drilling,Drillship,480000.0,2018
NPT00133,2024-05-21,W010,R002,Atlantic Energy Guyana,Stabroek,Exploration,Drilling,Lost Circulation,Bit Wear,Operator,4.0,76666.0,146588.0,223254.0,Minor,$100K - $250K,Low,Unplanned,Day,Condition Hole,Closed,May,Q2,Long Rainy Season,Stena Carron,Stena Drilling,Drillship,460000.0,2015
NPT00593,2024-05-21,W044,R003,Atlantic Energy Guyana,Stabroek,Appraisal,Logistics,Fuel Supply Delay,Late Supply Vessel,Procurement,2.0,40000.0,25031.0,65031.0,Minor,< $100K,Low,Unplanned,Day,Expedite Shipment,Closed,May,Q2,Long Rainy Season,Stena DrillMAX,Stena Drilling,Drillship,480000.0,2018
NPT00617,2024-05-21,W046,R003,Atlantic Energy Guyana,Stabroek,Appraisal,Weather,Poor Visibility,Strong Wind,Marine Operations,4.0,80000.0,174948.0,254948.0,Minor,$250K - $500K,Low,Unplanned,Night,Resume Operations,Closed,May,Q2,Long Rainy Season,Stena DrillMAX,Stena Drilling,Drillship,480000.0,2018
NPT00030,2024-05-23,W002,R001,Atlantic Energy Guyana,Stabroek,Development,Mechanical,Draw Works Failure,Equipment Wear,OEM Vendor,8.0,158333.0,235732.0,394065.0,Moderate,$250K - $500K,Medium,Unplanned,Night,Replace Equipment,Open,May,Q2,Long Rainy Season,Noble Bob Douglas,Noble,Drillship,475000.0,2013
NPT00134,2024-05-23,W010,R002,Atlantic Energy Guyana,Stabroek,Exploration,Logistics,Waiting on Materials,Late Supply Vessel,Supply Chain,2.0,38333.0,89900.0,128233.0,Minor,$100K - $250K,Low,Unplanned,Day,Expedite Shipment,Closed,May,Q2,Long Rainy Season,Stena Carron,Stena Drilling,Drillship,460000.0,2015
NPT00181,2024-05-23,W013,R003,Atlantic Energy Guyana,Stabroek,Appraisal,Drilling,Lost Circulation,Bit Wear,Directional Drilling,2.0,40000.0,26827.0,66827.0,Minor,< $100K,Low,Unplanned,Day,Adjust Drilling Parameters,Closed,May,Q2,Long Rainy Season,Stena DrillMAX,Stena Drilling,Drillship,480000.0,2018
NPT00618,2024-05-23,W046,R003,Atlantic Energy Guyana,Stabroek,Appraisal,Logistics,Fuel Supply Delay,Customs Clearance,Supply Chain,6.0,120000.0,270341.0,390341.0,Moderate,$250K - $500K,Medium,Unplanned,Day,Mobilize Supply Vessel,Closed,May,Q2,Long Rainy Season,Stena DrillMAX,Stena Drilling,Drillship,480000.0,2018
NPT00031,2024-05-24,W002,R001,Atlantic Energy Guyana,Stabroek,Development,Weather,Poor Visibility,Heavy Rain,Marine Operations,4.0,79166.0,137466.0,216632.0,Minor,$100K - $250K,Low,Unplanned,Day,Suspend Operations,Closed,May,Q2,Long Rainy Season,Noble Bob Douglas,Noble,Drillship,475000.0,2013
NPT00442,2024-05-24,W033,R002,Atlantic Energy Guyana,Stabroek,Appraisal,Weather,High Waves,High Waves,Marine Operations,2.0,38333.0,41966.0,80299.0,Minor,< $100K,Low,Unplanned,Day,Wait on Weather,Closed,May,Q2,Long Rainy Season,Stena Carron,Stena Drilling,Drillship,460000.0,2015
NPT00182,2024-05-24,W013,R003,Atlantic Energy Guyana,Stabroek,Appraisal,Drilling,Stuck Pipe,Differential Sticking,Directional Drilling,6.0,120000.0,278656.0,398656.0,Moderate,$250K - $500K,Medium,Unplanned,Night,Run Fishing Tools,In Progress,May,Q2,Long Rainy Season,Stena DrillMAX,Stena Drilling,Drillship,480000.0,2018
NPT00032,2024-05-25,W002,R001,Atlantic Energy Guyana,Stabroek,Development,Mechanical,Generator Failure,Hydraulic Failure,Drilling Contractor,12.0,237500.0,394870.0,632370.0,Major,$500K - $1M,Medium,Unplanned,Day,Repair Component,In Progress,May,Q2,Long Rainy Season,Noble Bob Douglas,Noble,Drillship,475000.0,2013
NPT00135,2024-05-25,W010,R002,Atlantic Energy Guyana,Stabroek,Exploration,Weather,Strong Wind,Strong Wind,Marine Operations,4.0,76666.0,104095.0,180761.0,Minor,$100K - $250K,Low,Unplanned,Night,Wait on Weather,Closed,May,Q2,Long Rainy Season,Stena Carron,Stena Drilling,Drillship,460000.0,2015
NPT00619,2024-05-25,W046,R003,Atlantic Energy Guyana,Stabroek,Appraisal,Drilling,Fishing Operation,Bit Wear,Directional Drilling,8.0,160000.0,306975.0,466975.0,Moderate,$250K - $500K,Medium,Unplanned,Day,Adjust Drilling Parameters,Closed,May,Q2,Long Rainy Season,Stena DrillMAX,Stena Drilling,Drillship,480000.0,2018
NPT00464,2024-05-26,W035,R003,Atlantic Energy Guyana,Stabroek,Development,Drilling,Stuck Pipe,Differential Sticking,Operator,18.0,360000.0,208849.0,568849.0,Major,$500K - $1M,High,Unplanned,Night,Run Fishing Tools,Closed,May,Q2,Long Rainy Season,Stena DrillMAX,Stena Drilling,Drillship,480000.0,2018
NPT00594,2024-05-26,W044,R003,Atlantic Energy Guyana,Stabroek,Appraisal,Weather,Poor Visibility,Heavy Rain,Weather,18.0,360000.0,773348.0,1133348.0,Major,> $1M,High,Unplanned,Night,Suspend Operations,In Progress,May,Q2,Long Rainy Season,Stena DrillMAX,Stena Drilling,Drillship,480000.0,2018
NPT00620,2024-05-26,W046,R003,Atlantic Energy Guyana,Stabroek,Appraisal,Mechanical,Mud Pump Failure,Hydraulic Failure,Maintenance Team,8.0,160000.0,96020.0,256020.0,Moderate,$250K - $500K,Medium,Unplanned,Night,Replace Equipment,In Progress,May,Q2,Long Rainy Season,Stena DrillMAX,Stena Drilling,Drillship,480000.0,2018
NPT00595,2024-05-27,W044,R003,Atlantic Energy Guyana,Stabroek,Appraisal,Drilling,Hole Cleaning,Formation Instability,Directional Drilling,6.0,120000.0,106088.0,226088.0,Moderate,$100K - $250K,Medium,Unplanned,Day,Run Fishing Tools,Closed,May,Q2,Long Rainy Season,Stena DrillMAX,Stena Drilling,Drillship,480000.0,2018
NPT00183,2024-05-28,W013,R003,Atlantic Energy Guyana,Stabroek,Appraisal,Drilling,Bit Failure,Formation Instability,Directional Drilling,2.0,40000.0,74203.0,114203.0,Minor,$100K - $250K,Low,Unplanned,Night,Adjust Drilling Parameters,Closed,May,Q2,Long Rainy Season,Stena DrillMAX,Stena Drilling,Drillship,480000.0,2018
NPT00621,2024-05-28,W046,R003,Atlantic Energy Guyana,Stabroek,Appraisal,Weather,Heavy Rain,Heavy Rain,Weather,12.0,240000.0,397476.0,637476.0,Major,$500K - $1M,Medium,Unplanned,Day,Wait on Weather,Closed,May,Q2,Long Rainy Season,Stena DrillMAX,Stena Drilling,Drillship,480000.0,2018
NPT00136,2024-05-30,W010,R002,Atlantic Energy Guyana,Stabroek,Exploration,Drilling,Well Control,Formation Instability,Operator,4.0,76666.0,150640.0,227306.0,Minor,$100K - $250K,Low,Unplanned,Day,Adjust Drilling Parameters,In Progress,May,Q2,Long Rainy Season,Stena Carron,Stena Drilling,Drillship,460000.0,2015
NPT00137,2024-06-01,W010,R002,Atlantic Energy Guyana,Stabroek,Exploration,Drilling,Hole Cleaning,Differential Sticking,Directional Drilling,8.0,153333.0,121122.0,274455.0,Moderate,$250K - $500K,Medium,Unplanned,Day,Adjust Drilling Parameters,Closed,June,Q2,Long Rainy Season,Stena Carron,Stena Drilling,Drillship,460000.0,2015
NPT00298,2024-06-03,W022,R001,Atlantic Energy Guyana,Stabroek,Appraisal,Mechanical,Draw Works Failure,Poor Preventive Maintenance,OEM Vendor,8.0,158333.0,298315.0,456648.0,Moderate,$250K - $500K,Medium,Unplanned,Night,Replace Equipment,Open,June,Q2,Long Rainy Season,Noble Bob Douglas,Noble,Drillship,475000.0,2013
NPT00374,2024-06-03,W028,R002,Atlantic Energy Guyana,Stabroek,Exploration,Weather,High Waves,Lightning,Marine Operations,6.0,115000.0,249425.0,364425.0,Moderate,$250K - $500K,Medium,Unplanned,Night,Resume Operations,Closed,June,Q2,Long Rainy Season,Stena Carron,Stena Drilling,Drillship,460000.0,2015
NPT00184,2024-06-03,W013,R003,Atlantic Energy Guyana,Stabroek,Appraisal,Mechanical,BOP Repair,Equipment Wear,Maintenance Team,4.0,80000.0,122873.0,202873.0,Minor,$100K - $250K,Low,Planned,Day,Replace Equipment,Closed,June,Q2,Long Rainy Season,Stena DrillMAX,Stena Drilling,Drillship,480000.0,2018
NPT00299,2024-06-04,W022,R001,Atlantic Energy Guyana,Stabroek,Appraisal,Weather,Poor Visibility,Strong Wind,Weather,2.0,39583.0,32358.0,71941.0,Minor,< $100K,Low,Unplanned,Day,Resume Operations,In Progress,June,Q2,Long Rainy Season,Noble Bob Douglas,Noble,Drillship,475000.0,2013
NPT00375,2024-06-04,W028,R002,Atlantic Energy Guyana,Stabroek,Exploration,Drilling,Fishing Operation,Formation Instability,Operator,4.0,76666.0,159300.0,235966.0,Minor,$100K - $250K,Low,Planned,Night,Condition Hole,In Progress,June,Q2,Long Rainy Season,Stena Carron,Stena Drilling,Drillship,460000.0,2015
NPT00185,2024-06-06,W013,R003,Atlantic Energy Guyana,Stabroek,Appraisal,Weather,Lightning,Lightning,Marine Operations,6.0,120000.0,129874.0,249874.0,Moderate,$100K - $250K,Medium,Unplanned,Night,Wait on Weather,Closed,June,Q2,Long Rainy Season,Stena DrillMAX,Stena Drilling,Drillship,480000.0,2018
NPT00443,2024-06-07,W033,R002,Atlantic Energy Guyana,Stabroek,Appraisal,Mechanical,BOP Repair,Equipment Wear,Maintenance Team,12.0,230000.0,219568.0,449568.0,Major,$250K - $500K,Medium,Unplanned,Day,Repair Component,In Progress,June,Q2,Long Rainy Season,Stena Carron,Stena Drilling,Drillship,460000.0,2015
NPT00498,2024-06-07,W037,R002,Atlantic Energy Guyana,Stabroek,Appraisal,Weather,Poor Visibility,Strong Wind,Weather,8.0,153333.0,204824.0,358157.0,Moderate,$250K - $500K,Medium,Unplanned,Night,Resume Operations,Closed,June,Q2,Long Rainy Season,Stena Carron,Stena Drilling,Drillship,460000.0,2015
NPT00376,2024-06-08,W028,R002,Atlantic Energy Guyana,Stabroek,Exploration,Weather,Strong Wind,Heavy Rain,Weather,6.0,115000.0,194047.0,309047.0,Moderate,$250K - $500K,Medium,Unplanned,Day,Wait on Weather,Closed,June,Q2,Long Rainy Season,Stena Carron,Stena Drilling,Drillship,460000.0,2015
NPT00138,2024-06-09,W010,R002,Atlantic Energy Guyana,Stabroek,Exploration,Drilling,Lost Circulation,Formation Instability,Mud Engineering,6.0,115000.0,223747.0,338747.0,Moderate,$250K - $500K,Medium,Unplanned,Day,Run Fishing Tools,Closed,June,Q2,Long Rainy Season,Stena Carron,Stena Drilling,Drillship,460000.0,2015
NPT00139,2024-06-10,W010,R002,Atlantic Energy Guyana,Stabroek,Exploration,Drilling,Stuck Pipe,Differential Sticking,Directional Drilling,4.0,76666.0,168661.0,245327.0,Minor,$100K - $250K,Low,Unplanned,Day,Run Fishing Tools,Closed,June,Q2,Long Rainy Season,Stena Carron,Stena Drilling,Drillship,460000.0,2015
NPT00622,2024-06-10,W046,R003,Atlantic Energy Guyana,Stabroek,Appraisal,Mechanical,Top Drive Failure,Poor Preventive Maintenance,OEM Vendor,4.0,80000.0,89940.0,169940.0,Minor,$100K - $250K,Low,Unplanned,Night,OEM Inspection,Open,June,Q2,Long Rainy Season,Stena DrillMAX,Stena Drilling,Drillship,480000.0,2018
NPT00623,2024-06-11,W046,R003,Atlantic Energy Guyana,Stabroek,Appraisal,Mechanical,Top Drive Failure,OEM Defect,Drilling Contractor,6.0,120000.0,86494.0,206494.0,Moderate,$100K - $250K,Medium,Unplanned,Night,Preventive Maintenance,Closed,June,Q2,Long Rainy Season,Stena DrillMAX,Stena Drilling,Drillship,480000.0,2018
NPT00444,2024-06-12,W033,R002,Atlantic Energy Guyana,Stabroek,Appraisal,Mechanical,Rotary Table Failure,Electrical Failure,Maintenance Team,2.0,38333.0,82613.0,120946.0,Minor,$100K - $250K,Low,Unplanned,Night,Preventive Maintenance,Open,June,Q2,Long Rainy Season,Stena Carron,Stena Drilling,Drillship,460000.0,2015
NPT00624,2024-06-13,W046,R003,Atlantic Energy Guyana,Stabroek,Appraisal,Drilling,Bit Failure,Differential Sticking,Directional Drilling,2.0,40000.0,98735.0,138735.0,Minor,$100K - $250K,Low,Unplanned,Night,Condition Hole,Closed,June,Q2,Long Rainy Season,Stena DrillMAX,Stena Drilling,Drillship,480000.0,2018
NPT00499,2024-06-14,W037,R002,Atlantic Energy Guyana,Stabroek,Appraisal,Drilling,Fishing Operation,Unexpected Pressure,Operator,4.0,76666.0,126288.0,202954.0,Minor,$100K - $250K,Low,Unplanned,Day,Increase Mud Weight,In Progress,June,Q2,Long Rainy Season,Stena Carron,Stena Drilling,Drillship,460000.0,2015
NPT00186,2024-06-14,W013,R003,Atlantic Energy Guyana,Stabroek,Appraisal,Drilling,Fishing Operation,Differential Sticking,Operator,8.0,160000.0,104193.0,264193.0,Moderate,$250K - $500K,Medium,Unplanned,Day,Increase Mud Weight,Closed,June,Q2,Long Rainy Season,Stena DrillMAX,Stena Drilling,Drillship,480000.0,2018
NPT00625,2024-06-14,W046,R003,Atlantic Energy Guyana,Stabroek,Appraisal,Logistics,Delayed Helicopter,Customs Clearance,Marine Logistics,4.0,80000.0,199919.0,279919.0,Minor,$250K - $500K,Low,Unplanned,Day,Expedite Shipment,Closed,June,Q2,Long Rainy Season,Stena DrillMAX,Stena Drilling,Drillship,480000.0,2018
NPT00445,2024-06-15,W033,R002,Atlantic Energy Guyana,Stabroek,Appraisal,Weather,Poor Visibility,Lightning,Marine Operations,8.0,153333.0,182342.0,335675.0,Moderate,$250K - $500K,Medium,Unplanned,Day,Resume Operations,Closed,June,Q2,Long Rainy Season,Stena Carron,Stena Drilling,Drillship,460000.0,2015
NPT00140,2024-06-16,W010,R002,Atlantic Energy Guyana,Stabroek,Exploration,Weather,Lightning,Heavy Rain,Weather,2.0,38333.0,31793.0,70126.0,Minor,< $100K,Low,Unplanned,Day,Wait on Weather,In Progress,June,Q2,Long Rainy Season,Stena Carron,Stena Drilling,Drillship,460000.0,2015
NPT00500,2024-06-16,W037,R002,Atlantic Energy Guyana,Stabroek,Appraisal,Drilling,Stuck Pipe,Bit Wear,Mud Engineering,12.0,230000.0,132340.0,362340.0,Major,$250K - $500K,Medium,Unplanned,Day,Condition Hole,Closed,June,Q2,Long Rainy Season,Stena Carron,Stena Drilling,Drillship,460000.0,2015
NPT00465,2024-06-16,W035,R003,Atlantic Energy Guyana,Stabroek,Development,Weather,High Waves,Heavy Rain,Weather,6.0,120000.0,88739.0,208739.0,Moderate,$100K - $250K,Medium,Unplanned,Day,Suspend Operations,Closed,June,Q2,Long Rainy Season,Stena DrillMAX,Stena Drilling,Drillship,480000.0,2018
NPT00187,2024-06-18,W013,R003,Atlantic Energy Guyana,Stabroek,Appraisal,Drilling,Lost Circulation,Bit Wear,Operator,2.0,40000.0,73930.0,113930.0,Minor,$100K - $250K,Low,Unplanned,Night,Increase Mud Weight,Closed,June,Q2,Long Rainy Season,Stena DrillMAX,Stena Drilling,Drillship,480000.0,2018
NPT00446,2024-06-19,W033,R002,Atlantic Energy Guyana,Stabroek,Appraisal,Weather,Strong Wind,High Waves,Weather,8.0,153333.0,347209.0,500542.0,Moderate,$500K - $1M,Medium,Unplanned,Night,Wait on Weather,Closed,June,Q2,Long Rainy Season,Stena Carron,Stena Drilling,Drillship,460000.0,2015
NPT00501,2024-06-19,W037,R002,Atlantic Energy Guyana,Stabroek,Appraisal,Drilling,Bit Failure,Unexpected Pressure,Mud Engineering,8.0,153333.0,197597.0,350930.0,Moderate,$250K - $500K,Medium,Unplanned,Night,Adjust Drilling Parameters,Closed,June,Q2,Long Rainy Season,Stena Carron,Stena Drilling,Drillship,460000.0,2015
NPT00626,2024-06-19,W046,R003,Atlantic Energy Guyana,Stabroek,Appraisal,Weather,Strong Wind,Strong Wind,Marine Operations,6.0,120000.0,250242.0,370242.0,Moderate,$250K - $500K,Medium,Unplanned,Day,Wait on Weather,In Progress,June,Q2,Long Rainy Season,Stena DrillMAX,Stena Drilling,Drillship,480000.0,2018
NPT00502,2024-06-20,W037,R002,Atlantic Energy Guyana,Stabroek,Appraisal,Mechanical,Top Drive Failure,Poor Preventive Maintenance,Drilling Contractor,4.0,76666.0,67775.0,144441.0,Minor,$100K - $250K,Low,Unplanned,Day,Replace Equipment,Open,June,Q2,Long Rainy Season,Stena Carron,Stena Drilling,Drillship,460000.0,2015
NPT00377,2024-06-22,W028,R002,Atlantic Energy Guyana,Stabroek,Exploration,Drilling,Stuck Pipe,Bit Wear,Mud Engineering,18.0,345000.0,380594.0,725594.0,Major,$500K - $1M,High,Unplanned,Night,Adjust Drilling Parameters,Closed,June,Q2,Long Rainy Season,Stena Carron,Stena Drilling,Drillship,460000.0,2015
NPT00300,2024-06-23,W022,R001,Atlantic Energy Guyana,Stabroek,Appraisal,Weather,Strong Wind,Strong Wind,Marine Operations,4.0,79166.0,120835.0,200001.0,Minor,$100K - $250K,Low,Unplanned,Day,Resume Operations,In Progress,June,Q2,Long Rainy Season,Noble Bob Douglas,Noble,Drillship,475000.0,2013
NPT00301,2024-06-24,W022,R001,Atlantic Energy Guyana,Stabroek,Appraisal,Weather,Lightning,Lightning,Weather,2.0,39583.0,52686.0,92269.0,Minor,< $100K,Low,Unplanned,Day,Suspend Operations,Closed,June,Q2,Long Rainy Season,Noble Bob Douglas,Noble,Drillship,475000.0,2013
NPT00447,2024-06-24,W033,R002,Atlantic Energy Guyana,Stabroek,Appraisal,Weather,Lightning,High Waves,Marine Operations,2.0,38333.0,65027.0,103360.0,Minor,$100K - $250K,Low,Unplanned,Day,Suspend Operations,Open,June,Q2,Long Rainy Season,Stena Carron,Stena Drilling,Drillship,460000.0,2015
NPT00503,2024-06-24,W037,R002,Atlantic Energy Guyana,Stabroek,Appraisal,Logistics,Delayed Helicopter,Customs Clearance,Procurement,24.0,460000.0,763810.0,1223810.0,Critical,> $1M,High,Unplanned,Night,Expedite Shipment,In Progress,June,Q2,Long Rainy Season,Stena Carron,Stena Drilling,Drillship,460000.0,2015
NPT00627,2024-06-24,W046,R003,Atlantic Energy Guyana,Stabroek,Appraisal,Drilling,Hole Cleaning,Bit Wear,Operator,4.0,80000.0,117922.0,197922.0,Minor,$100K - $250K,Low,Unplanned,Day,Condition Hole,Closed,June,Q2,Long Rainy Season,Stena DrillMAX,Stena Drilling,Drillship,480000.0,2018
NPT00378,2024-06-25,W028,R002,Atlantic Energy Guyana,Stabroek,Exploration,Mechanical,Top Drive Failure,Hydraulic Failure,OEM Vendor,2.0,38333.0,83567.0,121900.0,Minor,$100K - $250K,Low,Unplanned,Day,Replace Equipment,Closed,June,Q2,Long Rainy Season,Stena Carron,Stena Drilling,Drillship,460000.0,2015
NPT00466,2024-06-25,W035,R003,Atlantic Energy Guyana,Stabroek,Development,Drilling,Well Control,Unexpected Pressure,Directional Drilling,2.0,40000.0,69853.0,109853.0,Minor,$100K - $250K,Low,Unplanned,Day,Run Fishing Tools,Closed,June,Q2,Long Rainy Season,Stena DrillMAX,Stena Drilling,Drillship,480000.0,2018
NPT00448,2024-06-26,W033,R002,Atlantic Energy Guyana,Stabroek,Appraisal,Logistics,Delayed Helicopter,Material Shortage,Marine Logistics,12.0,230000.0,407608.0,637608.0,Major,$500K - $1M,Medium,Unplanned,Day,Mobilize Supply Vessel,Closed,June,Q2,Long Rainy Season,Stena Carron,Stena Drilling,Drillship,460000.0,2015
NPT00188,2024-06-26,W013,R003,Atlantic Energy Guyana,Stabroek,Appraisal,Mechanical,Generator Failure,Poor Preventive Maintenance,Drilling Contractor,2.0,40000.0,48341.0,88341.0,Minor,< $100K,Low,Unplanned,Day,Preventive Maintenance,Closed,June,Q2,Long Rainy Season,Stena DrillMAX,Stena Drilling,Drillship,480000.0,2018
NPT00467,2024-06-26,W035,R003,Atlantic Energy Guyana,Stabroek,Development,Weather,High Waves,Strong Wind,Weather,6.0,120000.0,243625.0,363625.0,Moderate,$250K - $500K,Medium,Unplanned,Night,Wait on Weather,Closed,June,Q2,Long Rainy Season,Stena DrillMAX,Stena Drilling,Drillship,480000.0,2018
NPT00302,2024-06-27,W022,R001,Atlantic Energy Guyana,Stabroek,Appraisal,Weather,Strong Wind,Heavy Rain,Marine Operations,4.0,79166.0,104081.0,183247.0,Minor,$100K - $250K,Low,Unplanned,Night,Suspend Operations,Closed,June,Q2,Long Rainy Season,Noble Bob Douglas,Noble,Drillship,475000.0,2013
NPT00379,2024-06-27,W028,R002,Atlantic Energy Guyana,Stabroek,Exploration,Weather,Strong Wind,Storm,Weather,4.0,76666.0,41042.0,117708.0,Minor,$100K - $250K,Low,Unplanned,Day,Suspend Operations,Open,June,Q2,Long Rainy Season,Stena Carron,Stena Drilling,Drillship,460000.0,2015
NPT00141,2024-06-28,W010,R002,Atlantic Energy Guyana,Stabroek,Exploration,Mechanical,Rotary Table Failure,Electrical Failure,Drilling Contractor,4.0,76666.0,96663.0,173329.0,Minor,$100K - $250K,Low,Unplanned,Night,Repair Component,Closed,June,Q2,Long Rainy Season,Stena Carron,Stena Drilling,Drillship,460000.0,2015
NPT00380,2024-06-28,W028,R002,Atlantic Energy Guyana,Stabroek,Exploration,Mechanical,Top Drive Failure,Poor Preventive Maintenance,OEM Vendor,8.0,153333.0,283449.0,436782.0,Moderate,$250K - $500K,Medium,Unplanned,Day,Preventive Maintenance,Closed,June,Q2,Long Rainy Season,Stena Carron,Stena Drilling,Drillship,460000.0,2015
NPT00468,2024-06-30,W035,R003,Atlantic Energy Guyana,Stabroek,Development,Drilling,Well Control,Differential Sticking,Mud Engineering,2.0,40000.0,30168.0,70168.0,Minor,< $100K,Low,Unplanned,Night,Run Fishing Tools,Closed,June,Q2,Long Rainy Season,Stena DrillMAX,Stena Drilling,Drillship,480000.0,2018
NPT00596,2024-06-30,W044,R003,Atlantic Energy Guyana,Stabroek,Appraisal,Logistics,Delayed Helicopter,Late Supply Vessel,Supply Chain,2.0,40000.0,88171.0,128171.0,Minor,$100K - $250K,Low,Planned,Day,Expedite Shipment,Closed,June,Q2,Long Rainy Season,Stena DrillMAX,Stena Drilling,Drillship,480000.0,2018
NPT00303,2024-07-01,W022,R001,Atlantic Energy Guyana,Stabroek,Appraisal,Logistics,Waiting on Materials,Material Shortage,Supply Chain,6.0,118750.0,120114.0,238864.0,Moderate,$100K - $250K,Medium,Unplanned,Night,Expedite Shipment,In Progress,July,Q3,Long Rainy Season,Noble Bob Douglas,Noble,Drillship,475000.0,2013
NPT00449,2024-07-03,W033,R002,Atlantic Energy Guyana,Stabroek,Appraisal,Weather,Poor Visibility,High Waves,Marine Operations,4.0,76666.0,124855.0,201521.0,Minor,$100K - $250K,Low,Unplanned,Night,Suspend Operations,Closed,July,Q3,Long Rainy Season,Stena Carron,Stena Drilling,Drillship,460000.0,2015
NPT00469,2024-07-04,W035,R003,Atlantic Energy Guyana,Stabroek,Development,Weather,High Waves,Strong Wind,Marine Operations,18.0,360000.0,200297.0,560297.0,Major,$500K - $1M,High,Unplanned,Day,Resume Operations,Open,July,Q3,Long Rainy Season,Stena DrillMAX,Stena Drilling,Drillship,480000.0,2018
NPT00597,2024-07-05,W044,R003,Atlantic Energy Guyana,Stabroek,Appraisal,Drilling,Bit Failure,Formation Instability,Operator,2.0,40000.0,85034.0,125034.0,Minor,$100K - $250K,Low,Unplanned,Day,Increase Mud Weight,In Progress,July,Q3,Long Rainy Season,Stena DrillMAX,Stena Drilling,Drillship,480000.0,2018
NPT00450,2024-07-06,W033,R002,Atlantic Energy Guyana,Stabroek,Appraisal,Mechanical,Generator Failure,Equipment Wear,OEM Vendor,4.0,76666.0,55282.0,131948.0,Minor,$100K - $250K,Low,Unplanned,Day,Preventive Maintenance,Open,July,Q3,Long Rainy Season,Stena Carron,Stena Drilling,Drillship,460000.0,2015
NPT00598,2024-07-06,W044,R003,Atlantic Energy Guyana,Stabroek,Appraisal,Drilling,Well Control,Bit Wear,Mud Engineering,4.0,80000.0,130288.0,210288.0,Minor,$100K - $250K,Low,Unplanned,Day,Adjust Drilling Parameters,Closed,July,Q3,Long Rainy Season,Stena DrillMAX,Stena Drilling,Drillship,480000.0,2018
NPT00599,2024-07-07,W044,R003,Atlantic Energy Guyana,Stabroek,Appraisal,Logistics,Delayed Helicopter,Port Congestion,Marine Logistics,2.0,40000.0,51341.0,91341.0,Minor,< $100K,Low,Unplanned,Day,Expedite Shipment,Closed,July,Q3,Long Rainy Season,Stena DrillMAX,Stena Drilling,Drillship,480000.0,2018
NPT00304,2024-07-10,W022,R001,Atlantic Energy Guyana,Stabroek,Appraisal,Logistics,Waiting on Materials,Port Congestion,Procurement,8.0,158333.0,193285.0,351618.0,Moderate,$250K - $500K,Medium,Unplanned,Night,Expedite Shipment,Open,July,Q3,Long Rainy Season,Noble Bob Douglas,Noble,Drillship,475000.0,2013
NPT00628,2024-07-10,W046,R003,Atlantic Energy Guyana,Stabroek,Appraisal,Mechanical,Draw Works Failure,Hydraulic Failure,Drilling Contractor,8.0,160000.0,218432.0,378432.0,Moderate,$250K - $500K,Medium,Unplanned,Day,Replace Equipment,Open,July,Q3,Long Rainy Season,Stena DrillMAX,Stena Drilling,Drillship,480000.0,2018
NPT00600,2024-07-12,W044,R003,Atlantic Energy Guyana,Stabroek,Appraisal,Weather,Strong Wind,Storm,Weather,2.0,40000.0,61338.0,101338.0,Minor,$100K - $250K,Low,Unplanned,Night,Suspend Operations,Closed,July,Q3,Long Rainy Season,Stena DrillMAX,Stena Drilling,Drillship,480000.0,2018
NPT00470,2024-07-15,W035,R003,Atlantic Energy Guyana,Stabroek,Development,Drilling,Fishing Operation,Bit Wear,Mud Engineering,2.0,40000.0,58559.0,98559.0,Minor,< $100K,Low,Unplanned,Night,Condition Hole,Closed,July,Q3,Long Rainy Season,Stena DrillMAX,Stena Drilling,Drillship,480000.0,2018
NPT00601,2024-07-15,W044,R003,Atlantic Energy Guyana,Stabroek,Appraisal,Weather,High Waves,Lightning,Weather,8.0,160000.0,339780.0,499780.0,Moderate,$250K - $500K,Medium,Unplanned,Night,Resume Operations,Closed,July,Q3,Long Rainy Season,Stena DrillMAX,Stena Drilling,Drillship,480000.0,2018
NPT00451,2024-07-16,W033,R002,Atlantic Energy Guyana,Stabroek,Appraisal,Mechanical,Draw Works Failure,Equipment Wear,Maintenance Team,2.0,38333.0,81222.0,119555.0,Minor,$100K - $250K,Low,Unplanned,Night,Replace Equipment,Closed,July,Q3,Long Rainy Season,Stena Carron,Stena Drilling,Drillship,460000.0,2015
NPT00471,2024-07-16,W035,R003,Atlantic Energy Guyana,Stabroek,Development,Weather,Strong Wind,Heavy Rain,Weather,12.0,240000.0,122437.0,362437.0,Major,$250K - $500K,Medium,Unplanned,Day,Wait on Weather,Closed,July,Q3,Long Rainy Season,Stena DrillMAX,Stena Drilling,Drillship,480000.0,2018
NPT00421,2024-07-16,W032,R004,Atlantic Energy Guyana,Stabroek,Exploration,Logistics,Delayed Helicopter,Late Supply Vessel,Procurement,2.0,40833.0,99458.0,140291.0,Minor,$100K - $250K,Low,Planned,Night,Expedite Shipment,Closed,July,Q3,Long Rainy Season,Noble Don Taylor,Noble,Drillship,490000.0,2020
NPT00553,2024-07-18,W041,R002,Atlantic Energy Guyana,Stabroek,Appraisal,Mechanical,Power System Failure,Electrical Failure,OEM Vendor,6.0,115000.0,247320.0,362320.0,Moderate,$250K - $500K,Medium,Unplanned,Day,Replace Equipment,Open,July,Q3,Long Rainy Season,Stena Carron,Stena Drilling,Drillship,460000.0,2015
NPT00554,2024-07-19,W041,R002,Atlantic Energy Guyana,Stabroek,Appraisal,Logistics,Fuel Supply Delay,Customs Clearance,Procurement,8.0,153333.0,317647.0,470980.0,Moderate,$250K - $500K,Medium,Unplanned,Night,Air Freight Materials,Closed,July,Q3,Long Rainy Season,Stena Carron,Stena Drilling,Drillship,460000.0,2015
NPT00629,2024-07-20,W046,R003,Atlantic Energy Guyana,Stabroek,Appraisal,Weather,Poor Visibility,Heavy Rain,Weather,6.0,120000.0,81245.0,201245.0,Moderate,$100K - $250K,Medium,Unplanned,Day,Resume Operations,Closed,July,Q3,Long Rainy Season,Stena DrillMAX,Stena Drilling,Drillship,480000.0,2018
NPT00422,2024-07-20,W032,R004,Atlantic Energy Guyana,Stabroek,Exploration,Weather,Heavy Rain,Lightning,Marine Operations,8.0,163333.0,288692.0,452025.0,Moderate,$250K - $500K,Medium,Unplanned,Night,Suspend Operations,Closed,July,Q3,Long Rainy Season,Noble Don Taylor,Noble,Drillship,490000.0,2020
NPT00423,2024-07-21,W032,R004,Atlantic Energy Guyana,Stabroek,Exploration,Weather,Heavy Rain,Strong Wind,Weather,6.0,122500.0,75891.0,198391.0,Moderate,$100K - $250K,Medium,Unplanned,Day,Suspend Operations,Closed,July,Q3,Long Rainy Season,Noble Don Taylor,Noble,Drillship,490000.0,2020
NPT00567,2024-07-22,W042,R004,Atlantic Energy Guyana,Stabroek,Development,Weather,Lightning,Lightning,Marine Operations,6.0,122500.0,254150.0,376650.0,Moderate,$250K - $500K,Medium,Unplanned,Day,Suspend Operations,Closed,July,Q3,Long Rainy Season,Noble Don Taylor,Noble,Drillship,490000.0,2020
NPT00305,2024-07-24,W022,R001,Atlantic Energy Guyana,Stabroek,Appraisal,Drilling,Hole Cleaning,Bit Wear,Operator,6.0,118750.0,59595.0,178345.0,Moderate,$100K - $250K,Medium,Unplanned,Day,Adjust Drilling Parameters,In Progress,July,Q3,Long Rainy Season,Noble Bob Douglas,Noble,Drillship,475000.0,2013
NPT00472,2024-07-25,W035,R003,Atlantic Energy Guyana,Stabroek,Development,Drilling,Bit Failure,Differential Sticking,Operator,6.0,120000.0,273652.0,393652.0,Moderate,$250K - $500K,Medium,Unplanned,Day,Condition Hole,Closed,July,Q3,Long Rainy Season,Stena DrillMAX,Stena Drilling,Drillship,480000.0,2018
NPT00568,2024-07-25,W042,R004,Atlantic Energy Guyana,Stabroek,Development,Drilling,Fishing Operation,Differential Sticking,Operator,8.0,163333.0,191207.0,354540.0,Moderate,$250K - $500K,Medium,Unplanned,Night,Adjust Drilling Parameters,Closed,July,Q3,Long Rainy Season,Noble Don Taylor,Noble,Drillship,490000.0,2020
NPT00306,2024-07-26,W022,R001,Atlantic Energy Guyana,Stabroek,Appraisal,Weather,Poor Visibility,Strong Wind,Marine Operations,12.0,237500.0,561306.0,798806.0,Major,$500K - $1M,Medium,Planned,Day,Resume Operations,Closed,July,Q3,Long Rainy Season,Noble Bob Douglas,Noble,Drillship,475000.0,2013
NPT00602,2024-07-26,W044,R003,Atlantic Energy Guyana,Stabroek,Appraisal,Drilling,Lost Circulation,Unexpected Pressure,Mud Engineering,8.0,160000.0,185853.0,345853.0,Moderate,$250K - $500K,Medium,Unplanned,Day,Increase Mud Weight,Closed,July,Q3,Long Rainy Season,Stena DrillMAX,Stena Drilling,Drillship,480000.0,2018
NPT00630,2024-07-26,W046,R003,Atlantic Energy Guyana,Stabroek,Appraisal,Drilling,Stuck Pipe,Formation Instability,Mud Engineering,4.0,80000.0,91574.0,171574.0,Minor,$100K - $250K,Low,Unplanned,Day,Adjust Drilling Parameters,Closed,July,Q3,Long Rainy Season,Stena DrillMAX,Stena Drilling,Drillship,480000.0,2018
NPT00424,2024-07-27,W032,R004,Atlantic Energy Guyana,Stabroek,Exploration,Weather,Lightning,High Waves,Marine Operations,4.0,81666.0,171063.0,252729.0,Minor,$250K - $500K,Low,Unplanned,Night,Suspend Operations,Closed,July,Q3,Long Rainy Season,Noble Don Taylor,Noble,Drillship,490000.0,2020
NPT00307,2024-07-29,W022,R001,Atlantic Energy Guyana,Stabroek,Appraisal,Weather,Strong Wind,Heavy Rain,Marine Operations,2.0,39583.0,34235.0,73818.0,Minor,< $100K,Low,Unplanned,Day,Wait on Weather,Open,July,Q3,Long Rainy Season,Noble Bob Douglas,Noble,Drillship,475000.0,2013
NPT00603,2024-07-29,W044,R003,Atlantic Energy Guyana,Stabroek,Appraisal,Weather,Poor Visibility,Strong Wind,Weather,6.0,120000.0,228519.0,348519.0,Moderate,$250K - $500K,Medium,Unplanned,Day,Wait on Weather,Closed,July,Q3,Long Rainy Season,Stena DrillMAX,Stena Drilling,Drillship,480000.0,2018
NPT00569,2024-07-29,W042,R004,Atlantic Energy Guyana,Stabroek,Development,Logistics,Delayed Helicopter,Late Supply Vessel,Procurement,2.0,40833.0,49540.0,90373.0,Minor,< $100K,Low,Unplanned,Night,Expedite Shipment,Closed,July,Q3,Long Rainy Season,Noble Don Taylor,Noble,Drillship,490000.0,2020
NPT00425,2024-07-30,W032,R004,Atlantic Energy Guyana,Stabroek,Exploration,Weather,High Waves,Lightning,Weather,4.0,81666.0,184832.0,266498.0,Minor,$250K - $500K,Low,Unplanned,Night,Suspend Operations,Closed,July,Q3,Long Rainy Season,Noble Don Taylor,Noble,Drillship,490000.0,2020
NPT00555,2024-08-01,W041,R002,Atlantic Energy Guyana,Stabroek,Appraisal,Weather,Lightning,Lightning,Weather,8.0,153333.0,183394.0,336727.0,Moderate,$250K - $500K,Medium,Unplanned,Night,Wait on Weather,Closed,August,Q3,Long Rainy Season,Stena Carron,Stena Drilling,Drillship,460000.0,2015
NPT00604,2024-08-02,W044,R003,Atlantic Energy Guyana,Stabroek,Appraisal,Logistics,Fuel Supply Delay,Material Shortage,Marine Logistics,4.0,80000.0,63153.0,143153.0,Minor,$100K - $250K,Low,Unplanned,Day,Air Freight Materials,In Progress,August,Q3,Long Rainy Season,Stena DrillMAX,Stena Drilling,Drillship,480000.0,2018
NPT00426,2024-08-04,W032,R004,Atlantic Energy Guyana,Stabroek,Exploration,Mechanical,Rotary Table Failure,Electrical Failure,OEM Vendor,6.0,122500.0,76832.0,199332.0,Moderate,$100K - $250K,Medium,Unplanned,Night,Repair Component,Closed,August,Q3,Long Rainy Season,Noble Don Taylor,Noble,Drillship,490000.0,2020
NPT00473,2024-08-06,W035,R003,Atlantic Energy Guyana,Stabroek,Development,Drilling,Bit Failure,Differential Sticking,Directional Drilling,12.0,240000.0,291067.0,531067.0,Major,$500K - $1M,Medium,Unplanned,Day,Adjust Drilling Parameters,Closed,August,Q3,Long Rainy Season,Stena DrillMAX,Stena Drilling,Drillship,480000.0,2018
NPT00474,2024-08-07,W035,R003,Atlantic Energy Guyana,Stabroek,Development,Logistics,Waiting on Cement,Customs Clearance,Marine Logistics,2.0,40000.0,38248.0,78248.0,Minor,< $100K,Low,Unplanned,Night,Mobilize Supply Vessel,Closed,August,Q3,Long Rainy Season,Stena DrillMAX,Stena Drilling,Drillship,480000.0,2018
NPT00570,2024-08-07,W042,R004,Atlantic Energy Guyana,Stabroek,Development,Weather,Poor Visibility,Heavy Rain,Marine Operations,18.0,367500.0,390071.0,757571.0,Major,$500K - $1M,High,Unplanned,Day,Suspend Operations,In Progress,August,Q3,Long Rainy Season,Noble Don Taylor,Noble,Drillship,490000.0,2020
NPT00556,2024-08-08,W041,R002,Atlantic Energy Guyana,Stabroek,Appraisal,Drilling,Fishing Operation,Differential Sticking,Directional Drilling,8.0,153333.0,210689.0,364022.0,Moderate,$250K - $500K,Medium,Unplanned,Day,Condition Hole,In Progress,August,Q3,Long Rainy Season,Stena Carron,Stena Drilling,Drillship,460000.0,2015
NPT00427,2024-08-14,W032,R004,Atlantic Energy Guyana,Stabroek,Exploration,Weather,Lightning,Strong Wind,Weather,18.0,367500.0,445857.0,813357.0,Major,$500K - $1M,High,Unplanned,Night,Suspend Operations,Closed,August,Q3,Long Rainy Season,Noble Don Taylor,Noble,Drillship,490000.0,2020
NPT00571,2024-08-16,W042,R004,Atlantic Energy Guyana,Stabroek,Development,Mechanical,Top Drive Failure,Hydraulic Failure,Drilling Contractor,6.0,122500.0,159958.0,282458.0,Moderate,$250K - $500K,Medium,Unplanned,Night,Replace Equipment,Open,August,Q3,Long Rainy Season,Noble Don Taylor,Noble,Drillship,490000.0,2020
NPT00475,2024-08-19,W035,R003,Atlantic Energy Guyana,Stabroek,Development,Drilling,Bit Failure,Differential Sticking,Mud Engineering,6.0,120000.0,130403.0,250403.0,Moderate,$250K - $500K,Medium,Unplanned,Day,Adjust Drilling Parameters,Closed,August,Q3,Long Rainy Season,Stena DrillMAX,Stena Drilling,Drillship,480000.0,2018
NPT00557,2024-08-26,W041,R002,Atlantic Energy Guyana,Stabroek,Appraisal,Drilling,Bit Failure,Unexpected Pressure,Mud Engineering,8.0,153333.0,214639.0,367972.0,Moderate,$250K - $500K,Medium,Unplanned,Night,Increase Mud Weight,Closed,August,Q3,Long Rainy Season,Stena Carron,Stena Drilling,Drillship,460000.0,2015
NPT00428,2024-09-01,W032,R004,Atlantic Energy Guyana,Stabroek,Exploration,Mechanical,Draw Works Failure,Electrical Failure,OEM Vendor,8.0,163333.0,152781.0,316114.0,Moderate,$250K - $500K,Medium,Unplanned,Day,OEM Inspection,Closed,September,Q3,Dry Season,Noble Don Taylor,Noble,Drillship,490000.0,2020
NPT00429,2024-09-03,W032,R004,Atlantic Energy Guyana,Stabroek,Exploration,Weather,High Waves,Storm,Marine Operations,2.0,40833.0,27339.0,68172.0,Minor,< $100K,Low,Unplanned,Day,Suspend Operations,Open,September,Q3,Dry Season,Noble Don Taylor,Noble,Drillship,490000.0,2020
NPT00558,2024-09-04,W041,R002,Atlantic Energy Guyana,Stabroek,Appraisal,Mechanical,Power System Failure,Poor Preventive Maintenance,Maintenance Team,4.0,76666.0,58805.0,135471.0,Minor,$100K - $250K,Low,Unplanned,Day,Preventive Maintenance,Closed,September,Q3,Dry Season,Stena Carron,Stena Drilling,Drillship,460000.0,2015
NPT00559,2024-09-05,W041,R002,Atlantic Energy Guyana,Stabroek,Appraisal,Drilling,Well Control,Unexpected Pressure,Operator,4.0,76666.0,102592.0,179258.0,Minor,$100K - $250K,Low,Unplanned,Night,Increase Mud Weight,Closed,September,Q3,Dry Season,Stena Carron,Stena Drilling,Drillship,460000.0,2015
NPT00572,2024-09-06,W042,R004,Atlantic Energy Guyana,Stabroek,Development,Mechanical,Rotary Table Failure,Poor Preventive Maintenance,Maintenance Team,6.0,122500.0,203927.0,326427.0,Moderate,$250K - $500K,Medium,Unplanned,Day,Preventive Maintenance,Closed,September,Q3,Dry Season,Noble Don Taylor,Noble,Drillship,490000.0,2020
NPT00560,2024-09-09,W041,R002,Atlantic Energy Guyana,Stabroek,Appraisal,Logistics,Delayed Helicopter,Port Congestion,Marine Logistics,2.0,38333.0,33873.0,72206.0,Minor,< $100K,Low,Unplanned,Day,Air Freight Materials,Closed,September,Q3,Dry Season,Stena Carron,Stena Drilling,Drillship,460000.0,2015
NPT00430,2024-09-09,W032,R004,Atlantic Energy Guyana,Stabroek,Exploration,Logistics,Fuel Supply Delay,Material Shortage,Procurement,6.0,122500.0,301536.0,424036.0,Moderate,$250K - $500K,Medium,Unplanned,Night,Air Freight Materials,Closed,September,Q3,Dry Season,Noble Don Taylor,Noble,Drillship,490000.0,2020
NPT00561,2024-09-13,W041,R002,Atlantic Energy Guyana,Stabroek,Appraisal,Drilling,Hole Cleaning,Formation Instability,Operator,2.0,38333.0,28172.0,66505.0,Minor,< $100K,Low,Unplanned,Night,Run Fishing Tools,Closed,September,Q3,Dry Season,Stena Carron,Stena Drilling,Drillship,460000.0,2015
NPT00431,2024-09-15,W032,R004,Atlantic Energy Guyana,Stabroek,Exploration,Personnel,Safety Stand Down,Training Requirement,Medical Team,4.0,81666.0,94096.0,175762.0,Minor,$100K - $250K,Low,Unplanned,Day,Medical Clearance,In Progress,September,Q3,Dry Season,Noble Don Taylor,Noble,Drillship,490000.0,2020
NPT00562,2024-09-16,W041,R002,Atlantic Energy Guyana,Stabroek,Appraisal,Drilling,Hole Cleaning,Formation Instability,Mud Engineering,2.0,38333.0,71728.0,110061.0,Minor,$100K - $250K,Low,Unplanned,Day,Condition Hole,Closed,September,Q3,Dry Season,Stena Carron,Stena Drilling,Drillship,460000.0,2015
NPT00101,2024-09-18,W008,R002,Atlantic Energy Guyana,Stabroek,Development,Drilling,Bit Failure,Differential Sticking,Directional Drilling,4.0,76666.0,111806.0,188472.0,Minor,$100K - $250K,Low,Unplanned,Night,Run Fishing Tools,Closed,September,Q3,Dry Season,Stena Carron,Stena Drilling,Drillship,460000.0,2015
NPT00102,2024-09-19,W008,R002,Atlantic Energy Guyana,Stabroek,Development,Weather,Lightning,Lightning,Weather,2.0,38333.0,76426.0,114759.0,Minor,$100K - $250K,Low,Unplanned,Day,Suspend Operations,Closed,September,Q3,Dry Season,Stena Carron,Stena Drilling,Drillship,460000.0,2015
NPT00432,2024-09-20,W032,R004,Atlantic Energy Guyana,Stabroek,Exploration,Logistics,Fuel Supply Delay,Material Shortage,Marine Logistics,6.0,122500.0,231858.0,354358.0,Moderate,$250K - $500K,Medium,Unplanned,Day,Mobilize Supply Vessel,Closed,September,Q3,Dry Season,Noble Don Taylor,Noble,Drillship,490000.0,2020
NPT00563,2024-09-21,W041,R002,Atlantic Energy Guyana,Stabroek,Appraisal,Weather,Heavy Rain,High Waves,Weather,2.0,38333.0,71077.0,109410.0,Minor,$100K - $250K,Low,Planned,Night,Resume Operations,Closed,September,Q3,Dry Season,Stena Carron,Stena Drilling,Drillship,460000.0,2015
NPT00103,2024-09-25,W008,R002,Atlantic Energy Guyana,Stabroek,Development,Personnel,Safety Stand Down,Training Requirement,Medical Team,2.0,38333.0,66496.0,104829.0,Minor,$100K - $250K,Low,Unplanned,Day,Safety Briefing,In Progress,September,Q3,Dry Season,Stena Carron,Stena Drilling,Drillship,460000.0,2015
NPT00564,2024-09-27,W041,R002,Atlantic Energy Guyana,Stabroek,Appraisal,Weather,Lightning,Lightning,Marine Operations,2.0,38333.0,81289.0,119622.0,Minor,$100K - $250K,Low,Unplanned,Day,Suspend Operations,In Progress,September,Q3,Dry Season,Stena Carron,Stena Drilling,Drillship,460000.0,2015
NPT00565,2024-09-28,W041,R002,Atlantic Energy Guyana,Stabroek,Appraisal,Drilling,Hole Cleaning,Differential Sticking,Mud Engineering,18.0,345000.0,390612.0,735612.0,Major,$500K - $1M,High,Unplanned,Night,Condition Hole,In Progress,September,Q3,Dry Season,Stena Carron,Stena Drilling,Drillship,460000.0,2015
NPT00433,2024-09-29,W032,R004,Atlantic Energy Guyana,Stabroek,Exploration,Mechanical,Top Drive Failure,OEM Defect,Drilling Contractor,2.0,40833.0,33061.0,73894.0,Minor,< $100K,Low,Unplanned,Day,Repair Component,Closed,September,Q3,Dry Season,Noble Don Taylor,Noble,Drillship,490000.0,2020
NPT00104,2024-10-01,W008,R002,Atlantic Energy Guyana,Stabroek,Development,Logistics,Waiting on Cement,Late Supply Vessel,Supply Chain,2.0,38333.0,59428.0,97761.0,Minor,< $100K,Low,Unplanned,Night,Expedite Shipment,In Progress,October,Q4,Dry Season,Stena Carron,Stena Drilling,Drillship,460000.0,2015
NPT00105,2024-10-03,W008,R002,Atlantic Energy Guyana,Stabroek,Development,Drilling,Lost Circulation,Unexpected Pressure,Directional Drilling,8.0,153333.0,77458.0,230791.0,Moderate,$100K - $250K,Medium,Unplanned,Day,Increase Mud Weight,In Progress,October,Q4,Dry Season,Stena Carron,Stena Drilling,Drillship,460000.0,2015
NPT00566,2024-10-05,W041,R002,Atlantic Energy Guyana,Stabroek,Appraisal,Drilling,Bit Failure,Unexpected Pressure,Operator,2.0,38333.0,43647.0,81980.0,Minor,< $100K,Low,Unplanned,Night,Condition Hole,Closed,October,Q4,Dry Season,Stena Carron,Stena Drilling,Drillship,460000.0,2015
NPT00434,2024-10-06,W032,R004,Atlantic Energy Guyana,Stabroek,Exploration,Mechanical,Draw Works Failure,Equipment Wear,Drilling Contractor,8.0,163333.0,267513.0,430846.0,Moderate,$250K - $500K,Medium,Unplanned,Day,Repair Component,Closed,October,Q4,Dry Season,Noble Don Taylor,Noble,Drillship,490000.0,2020
NPT00573,2024-10-08,W042,R004,Atlantic Energy Guyana,Stabroek,Development,Weather,Lightning,Strong Wind,Marine Operations,2.0,40833.0,23324.0,64157.0,Minor,< $100K,Low,Unplanned,Day,Resume Operations,Closed,October,Q4,Dry Season,Noble Don Taylor,Noble,Drillship,490000.0,2020
NPT00435,2024-10-10,W032,R004,Atlantic Energy Guyana,Stabroek,Exploration,Drilling,Bit Failure,Formation Instability,Mud Engineering,2.0,40833.0,45052.0,85885.0,Minor,< $100K,Low,Unplanned,Night,Condition Hole,Closed,October,Q4,Dry Season,Noble Don Taylor,Noble,Drillship,490000.0,2020
NPT00631,2024-10-10,W047,R004,Atlantic Energy Guyana,Stabroek,Exploration,Drilling,Fishing Operation,Unexpected Pressure,Directional Drilling,4.0,81666.0,77971.0,159637.0,Minor,$100K - $250K,Low,Unplanned,Night,Condition Hole,In Progress,October,Q4,Dry Season,Noble Don Taylor,Noble,Drillship,490000.0,2020
NPT00632,2024-10-12,W047,R004,Atlantic Energy Guyana,Stabroek,Exploration,Drilling,Bit Failure,Bit Wear,Operator,2.0,40833.0,84650.0,125483.0,Minor,$100K - $250K,Low,Planned,Day,Increase Mud Weight,In Progress,October,Q4,Dry Season,Noble Don Taylor,Noble,Drillship,490000.0,2020
NPT00633,2024-10-14,W047,R004,Atlantic Energy Guyana,Stabroek,Exploration,Weather,Strong Wind,Storm,Weather,2.0,40833.0,73113.0,113946.0,Minor,$100K - $250K,Low,Unplanned,Night,Wait on Weather,Closed,October,Q4,Dry Season,Noble Don Taylor,Noble,Drillship,490000.0,2020
NPT00634,2024-10-16,W047,R004,Atlantic Energy Guyana,Stabroek,Exploration,Drilling,Hole Cleaning,Differential Sticking,Operator,8.0,163333.0,205525.0,368858.0,Moderate,$250K - $500K,Medium,Planned,Night,Run Fishing Tools,Closed,October,Q4,Dry Season,Noble Don Taylor,Noble,Drillship,490000.0,2020
NPT00574,2024-10-17,W042,R004,Atlantic Energy Guyana,Stabroek,Development,Drilling,Lost Circulation,Bit Wear,Mud Engineering,4.0,81666.0,64325.0,145991.0,Minor,$100K - $250K,Low,Unplanned,Night,Increase Mud Weight,Closed,October,Q4,Dry Season,Noble Don Taylor,Noble,Drillship,490000.0,2020
NPT00106,2024-10-21,W008,R002,Atlantic Energy Guyana,Stabroek,Development,Weather,Poor Visibility,High Waves,Marine Operations,4.0,76666.0,73637.0,150303.0,Minor,$100K - $250K,Low,Unplanned,Day,Resume Operations,Closed,October,Q4,Dry Season,Stena Carron,Stena Drilling,Drillship,460000.0,2015
NPT00635,2024-10-23,W047,R004,Atlantic Energy Guyana,Stabroek,Exploration,Mechanical,Power System Failure,Poor Preventive Maintenance,Maintenance Team,8.0,163333.0,392949.0,556282.0,Moderate,$500K - $1M,Medium,Unplanned,Day,Repair Component,In Progress,October,Q4,Dry Season,Noble Don Taylor,Noble,Drillship,490000.0,2020
NPT00107,2024-10-26,W008,R002,Atlantic Energy Guyana,Stabroek,Development,Mechanical,BOP Repair,OEM Defect,Maintenance Team,4.0,76666.0,90633.0,167299.0,Minor,$100K - $250K,Low,Unplanned,Night,Preventive Maintenance,Open,October,Q4,Dry Season,Stena Carron,Stena Drilling,Drillship,460000.0,2015
NPT00636,2024-10-26,W047,R004,Atlantic Energy Guyana,Stabroek,Exploration,Mechanical,Mud Pump Failure,Poor Preventive Maintenance,OEM Vendor,4.0,81666.0,77527.0,159193.0,Minor,$100K - $250K,Low,Unplanned,Night,Repair Component,Closed,October,Q4,Dry Season,Noble Don Taylor,Noble,Drillship,490000.0,2020
NPT00221,2024-10-28,W017,R001,Atlantic Energy Guyana,Stabroek,Appraisal,Mechanical,Top Drive Failure,Poor Preventive Maintenance,Drilling Contractor,6.0,118750.0,239519.0,358269.0,Moderate,$250K - $500K,Medium,Unplanned,Day,Repair Component,Closed,October,Q4,Dry Season,Noble Bob Douglas,Noble,Drillship,475000.0,2013
NPT00222,2024-10-29,W017,R001,Atlantic Energy Guyana,Stabroek,Appraisal,Mechanical,Draw Works Failure,OEM Defect,OEM Vendor,6.0,118750.0,120704.0,239454.0,Moderate,$100K - $250K,Medium,Unplanned,Day,Preventive Maintenance,In Progress,October,Q4,Dry Season,Noble Bob Douglas,Noble,Drillship,475000.0,2013
NPT00637,2024-10-31,W047,R004,Atlantic Energy Guyana,Stabroek,Exploration,Mechanical,BOP Repair,OEM Defect,Drilling Contractor,8.0,163333.0,334485.0,497818.0,Moderate,$250K - $500K,Medium,Unplanned,Day,OEM Inspection,Closed,October,Q4,Dry Season,Noble Don Taylor,Noble,Drillship,490000.0,2020
NPT00246,2024-11-01,W019,R003,Atlantic Energy Guyana,Stabroek,Exploration,Weather,Lightning,High Waves,Weather,24.0,480000.0,674701.0,1154701.0,Critical,> $1M,High,Unplanned,Night,Resume Operations,Closed,November,Q4,Short Rainy Season,Stena DrillMAX,Stena Drilling,Drillship,480000.0,2018
NPT00638,2024-11-08,W047,R004,Atlantic Energy Guyana,Stabroek,Exploration,Personnel,Crew Change,Crew Rotation,Rig Management,18.0,367500.0,236304.0,603804.0,Major,$500K - $1M,High,Unplanned,Day,Medical Clearance,Closed,November,Q4,Short Rainy Season,Noble Don Taylor,Noble,Drillship,490000.0,2020
NPT00108,2024-11-11,W008,R002,Atlantic Energy Guyana,Stabroek,Development,Drilling,Bit Failure,Unexpected Pressure,Directional Drilling,6.0,115000.0,286152.0,401152.0,Moderate,$250K - $500K,Medium,Unplanned,Day,Increase Mud Weight,Closed,November,Q4,Short Rainy Season,Stena Carron,Stena Drilling,Drillship,460000.0,2015
NPT00247,2024-11-11,W019,R003,Atlantic Energy Guyana,Stabroek,Exploration,Mechanical,Top Drive Failure,Hydraulic Failure,Maintenance Team,12.0,240000.0,123301.0,363301.0,Major,$250K - $500K,Medium,Unplanned,Night,Preventive Maintenance,Open,November,Q4,Short Rainy Season,Stena DrillMAX,Stena Drilling,Drillship,480000.0,2018
NPT00639,2024-11-15,W047,R004,Atlantic Energy Guyana,Stabroek,Exploration,Weather,Heavy Rain,Lightning,Weather,4.0,81666.0,190813.0,272479.0,Minor,$250K - $500K,Low,Unplanned,Day,Wait on Weather,Closed,November,Q4,Short Rainy Season,Noble Don Taylor,Noble,Drillship,490000.0,2020
NPT00109,2024-11-16,W008,R002,Atlantic Energy Guyana,Stabroek,Development,Drilling,Fishing Operation,Formation Instability,Operator,6.0,115000.0,161085.0,276085.0,Moderate,$250K - $500K,Medium,Unplanned,Day,Condition Hole,Open,November,Q4,Short Rainy Season,Stena Carron,Stena Drilling,Drillship,460000.0,2015
NPT00476,2024-11-16,W036,R002,Atlantic Energy Guyana,Stabroek,Exploration,Logistics,Waiting on Boat,Customs Clearance,Procurement,2.0,38333.0,93792.0,132125.0,Minor,$100K - $250K,Low,Unplanned,Day,Air Freight Materials,Closed,November,Q4,Short Rainy Season,Stena Carron,Stena Drilling,Drillship,460000.0,2015
NPT00532,2024-11-17,W040,R002,Atlantic Energy Guyana,Stabroek,Exploration,Drilling,Well Control,Formation Instability,Mud Engineering,2.0,38333.0,80604.0,118937.0,Minor,$100K - $250K,Low,Unplanned,Night,Run Fishing Tools,Closed,November,Q4,Short Rainy Season,Stena Carron,Stena Drilling,Drillship,460000.0,2015
NPT00223,2024-11-18,W017,R001,Atlantic Energy Guyana,Stabroek,Appraisal,Weather,Strong Wind,High Waves,Weather,6.0,118750.0,136446.0,255196.0,Moderate,$250K - $500K,Medium,Unplanned,Night,Resume Operations,Closed,November,Q4,Short Rainy Season,Noble Bob Douglas,Noble,Drillship,475000.0,2013
NPT00640,2024-11-21,W047,R004,Atlantic Energy Guyana,Stabroek,Exploration,Drilling,Lost Circulation,Formation Instability,Mud Engineering,8.0,163333.0,248690.0,412023.0,Moderate,$250K - $500K,Medium,Unplanned,Day,Adjust Drilling Parameters,Closed,November,Q4,Short Rainy Season,Noble Don Taylor,Noble,Drillship,490000.0,2020
NPT00477,2024-11-26,W036,R002,Atlantic Energy Guyana,Stabroek,Exploration,Drilling,Lost Circulation,Formation Instability,Mud Engineering,4.0,76666.0,153896.0,230562.0,Minor,$100K - $250K,Low,Unplanned,Night,Increase Mud Weight,In Progress,November,Q4,Short Rainy Season,Stena Carron,Stena Drilling,Drillship,460000.0,2015
NPT00248,2024-11-27,W019,R003,Atlantic Energy Guyana,Stabroek,Exploration,Drilling,Stuck Pipe,Unexpected Pressure,Directional Drilling,4.0,80000.0,66304.0,146304.0,Minor,$100K - $250K,Low,Unplanned,Night,Condition Hole,Closed,November,Q4,Short Rainy Season,Stena DrillMAX,Stena Drilling,Drillship,480000.0,2018
NPT00533,2024-11-28,W040,R002,Atlantic Energy Guyana,Stabroek,Exploration,Drilling,Stuck Pipe,Unexpected Pressure,Operator,6.0,115000.0,215251.0,330251.0,Moderate,$250K - $500K,Medium,Unplanned,Day,Adjust Drilling Parameters,Closed,November,Q4,Short Rainy Season,Stena Carron,Stena Drilling,Drillship,460000.0,2015
NPT00249,2024-11-28,W019,R003,Atlantic Energy Guyana,Stabroek,Exploration,Drilling,Stuck Pipe,Bit Wear,Mud Engineering,6.0,120000.0,217687.0,337687.0,Moderate,$250K - $500K,Medium,Unplanned,Night,Increase Mud Weight,Closed,November,Q4,Short Rainy Season,Stena DrillMAX,Stena Drilling,Drillship,480000.0,2018
NPT00478,2024-11-29,W036,R002,Atlantic Energy Guyana,Stabroek,Exploration,Drilling,Well Control,Formation Instability,Directional Drilling,6.0,115000.0,253781.0,368781.0,Moderate,$250K - $500K,Medium,Unplanned,Day,Run Fishing Tools,Closed,November,Q4,Short Rainy Season,Stena Carron,Stena Drilling,Drillship,460000.0,2015
NPT00224,2024-11-30,W017,R001,Atlantic Energy Guyana,Stabroek,Appraisal,Drilling,Fishing Operation,Formation Instability,Operator,4.0,79166.0,127827.0,206993.0,Minor,$100K - $250K,Low,Planned,Night,Condition Hole,In Progress,November,Q4,Short Rainy Season,Noble Bob Douglas,Noble,Drillship,475000.0,2013
NPT00225,2024-12-01,W017,R001,Atlantic Energy Guyana,Stabroek,Appraisal,Drilling,Bit Failure,Formation Instability,Directional Drilling,6.0,118750.0,81777.0,200527.0,Moderate,$100K - $250K,Medium,Unplanned,Day,Increase Mud Weight,Closed,December,Q4,Short Rainy Season,Noble Bob Douglas,Noble,Drillship,475000.0,2013
NPT00110,2024-12-01,W008,R002,Atlantic Energy Guyana,Stabroek,Development,Logistics,Waiting on Boat,Late Supply Vessel,Marine Logistics,2.0,38333.0,48369.0,86702.0,Minor,< $100K,Low,Unplanned,Day,Expedite Shipment,Closed,December,Q4,Short Rainy Season,Stena Carron,Stena Drilling,Drillship,460000.0,2015
NPT00250,2024-12-02,W019,R003,Atlantic Energy Guyana,Stabroek,Exploration,Logistics,Delayed Helicopter,Customs Clearance,Supply Chain,6.0,120000.0,111527.0,231527.0,Moderate,$100K - $250K,Medium,Unplanned,Day,Expedite Shipment,Closed,December,Q4,Short Rainy Season,Stena DrillMAX,Stena Drilling,Drillship,480000.0,2018
NPT00251,2024-12-03,W019,R003,Atlantic Energy Guyana,Stabroek,Exploration,Drilling,Stuck Pipe,Unexpected Pressure,Mud Engineering,12.0,240000.0,479117.0,719117.0,Major,$500K - $1M,Medium,Unplanned,Night,Run Fishing Tools,Closed,December,Q4,Short Rainy Season,Stena DrillMAX,Stena Drilling,Drillship,480000.0,2018
NPT00479,2024-12-05,W036,R002,Atlantic Energy Guyana,Stabroek,Exploration,Mechanical,Generator Failure,OEM Defect,Drilling Contractor,4.0,76666.0,152544.0,229210.0,Minor,$100K - $250K,Low,Unplanned,Day,Preventive Maintenance,Closed,December,Q4,Short Rainy Season,Stena Carron,Stena Drilling,Drillship,460000.0,2015
NPT00641,2024-12-05,W047,R004,Atlantic Energy Guyana,Stabroek,Exploration,Mechanical,Draw Works Failure,Electrical Failure,Drilling Contractor,4.0,81666.0,146922.0,228588.0,Minor,$100K - $250K,Low,Unplanned,Day,OEM Inspection,Closed,December,Q4,Short Rainy Season,Noble Don Taylor,Noble,Drillship,490000.0,2020
NPT00480,2024-12-06,W036,R002,Atlantic Energy Guyana,Stabroek,Exploration,Mechanical,Draw Works Failure,Hydraulic Failure,Drilling Contractor,18.0,345000.0,776256.0,1121256.0,Major,> $1M,High,Unplanned,Day,Repair Component,Closed,December,Q4,Short Rainy Season,Stena Carron,Stena Drilling,Drillship,460000.0,2015
NPT00534,2024-12-06,W040,R002,Atlantic Energy Guyana,Stabroek,Exploration,Mechanical,Draw Works Failure,Equipment Wear,OEM Vendor,4.0,76666.0,95465.0,172131.0,Minor,$100K - $250K,Low,Unplanned,Day,Replace Equipment,In Progress,December,Q4,Short Rainy Season,Stena Carron,Stena Drilling,Drillship,460000.0,2015
NPT00070,2024-12-08,W006,R002,Atlantic Energy Guyana,Stabroek,Appraisal,Mechanical,Mud Pump Failure,Electrical Failure,OEM Vendor,2.0,38333.0,55949.0,94282.0,Minor,< $100K,Low,Planned,Day,Preventive Maintenance,Open,December,Q4,Short Rainy Season,Stena Carron,Stena Drilling,Drillship,460000.0,2015
NPT00481,2024-12-08,W036,R002,Atlantic Energy Guyana,Stabroek,Exploration,Drilling,Stuck Pipe,Differential Sticking,Operator,2.0,38333.0,84839.0,123172.0,Minor,$100K - $250K,Low,Unplanned,Day,Run Fishing Tools,Closed,December,Q4,Short Rainy Season,Stena Carron,Stena Drilling,Drillship,460000.0,2015
NPT00252,2024-12-08,W019,R003,Atlantic Energy Guyana,Stabroek,Exploration,Drilling,Lost Circulation,Bit Wear,Mud Engineering,2.0,40000.0,65954.0,105954.0,Minor,$100K - $250K,Low,Unplanned,Day,Adjust Drilling Parameters,Closed,December,Q4,Short Rainy Season,Stena DrillMAX,Stena Drilling,Drillship,480000.0,2018
NPT00504,2024-12-08,W038,R004,Atlantic Energy Guyana,Stabroek,Appraisal,Weather,Poor Visibility,Lightning,Marine Operations,2.0,40833.0,41869.0,82702.0,Minor,< $100K,Low,Unplanned,Day,Wait on Weather,Closed,December,Q4,Short Rainy Season,Noble Don Taylor,Noble,Drillship,490000.0,2020
NPT00642,2024-12-08,W047,R004,Atlantic Energy Guyana,Stabroek,Exploration,Drilling,Well Control,Bit Wear,Directional Drilling,6.0,122500.0,196965.0,319465.0,Moderate,$250K - $500K,Medium,Planned,Day,Increase Mud Weight,Closed,December,Q4,Short Rainy Season,Noble Don Taylor,Noble,Drillship,490000.0,2020
NPT00535,2024-12-09,W040,R002,Atlantic Energy Guyana,Stabroek,Exploration,Weather,Heavy Rain,Strong Wind,Weather,8.0,153333.0,310650.0,463983.0,Moderate,$250K - $500K,Medium,Unplanned,Day,Suspend Operations,Closed,December,Q4,Short Rainy Season,Stena Carron,Stena Drilling,Drillship,460000.0,2015
NPT00253,2024-12-09,W019,R003,Atlantic Energy Guyana,Stabroek,Exploration,Drilling,Lost Circulation,Formation Instability,Mud Engineering,2.0,40000.0,24142.0,64142.0,Minor,< $100K,Low,Unplanned,Night,Condition Hole,In Progress,December,Q4,Short Rainy Season,Stena DrillMAX,Stena Drilling,Drillship,480000.0,2018
NPT00226,2024-12-11,W017,R001,Atlantic Energy Guyana,Stabroek,Appraisal,Drilling,Hole Cleaning,Formation Instability,Operator,2.0,39583.0,44552.0,84135.0,Minor,< $100K,Low,Unplanned,Night,Increase Mud Weight,Closed,December,Q4,Short Rainy Season,Noble Bob Douglas,Noble,Drillship,475000.0,2013
NPT00071,2024-12-12,W006,R002,Atlantic Energy Guyana,Stabroek,Appraisal,Weather,Lightning,Lightning,Marine Operations,2.0,38333.0,74025.0,112358.0,Minor,$100K - $250K,Low,Unplanned,Day,Resume Operations,Closed,December,Q4,Short Rainy Season,Stena Carron,Stena Drilling,Drillship,460000.0,2015
NPT00227,2024-12-14,W017,R001,Atlantic Energy Guyana,Stabroek,Appraisal,Logistics,Waiting on Cement,Late Supply Vessel,Procurement,6.0,118750.0,154929.0,273679.0,Moderate,$250K - $500K,Medium,Planned,Night,Air Freight Materials,Closed,December,Q4,Short Rainy Season,Noble Bob Douglas,Noble,Drillship,475000.0,2013
NPT00482,2024-12-15,W036,R002,Atlantic Energy Guyana,Stabroek,Exploration,Drilling,Lost Circulation,Differential Sticking,Mud Engineering,6.0,115000.0,202496.0,317496.0,Moderate,$250K - $500K,Medium,Unplanned,Night,Condition Hole,Closed,December,Q4,Short Rainy Season,Stena Carron,Stena Drilling,Drillship,460000.0,2015
NPT00505,2024-12-15,W038,R004,Atlantic Energy Guyana,Stabroek,Appraisal,Mechanical,Rotary Table Failure,Electrical Failure,Drilling Contractor,8.0,163333.0,237483.0,400816.0,Moderate,$250K - $500K,Medium,Unplanned,Night,OEM Inspection,Closed,December,Q4,Short Rainy Season,Noble Don Taylor,Noble,Drillship,490000.0,2020
NPT00228,2024-12-16,W017,R001,Atlantic Energy Guyana,Stabroek,Appraisal,Drilling,Well Control,Bit Wear,Directional Drilling,2.0,39583.0,49805.0,89388.0,Minor,< $100K,Low,Unplanned,Night,Run Fishing Tools,Closed,December,Q4,Short Rainy Season,Noble Bob Douglas,Noble,Drillship,475000.0,2013
NPT00072,2024-12-16,W006,R002,Atlantic Energy Guyana,Stabroek,Appraisal,Mechanical,Top Drive Failure,Poor Preventive Maintenance,OEM Vendor,8.0,153333.0,347820.0,501153.0,Moderate,$500K - $1M,Medium,Unplanned,Night,Repair Component,Closed,December,Q4,Short Rainy Season,Stena Carron,Stena Drilling,Drillship,460000.0,2015
NPT00254,2024-12-17,W019,R003,Atlantic Energy Guyana,Stabroek,Exploration,Drilling,Hole Cleaning,Bit Wear,Operator,4.0,80000.0,52250.0,132250.0,Minor,$100K - $250K,Low,Unplanned,Day,Condition Hole,Closed,December,Q4,Short Rainy Season,Stena DrillMAX,Stena Drilling,Drillship,480000.0,2018
NPT00506,2024-12-17,W038,R004,Atlantic Energy Guyana,Stabroek,Appraisal,Drilling,Hole Cleaning,Formation Instability,Operator,4.0,81666.0,183089.0,264755.0,Minor,$250K - $500K,Low,Unplanned,Night,Run Fishing Tools,Closed,December,Q4,Short Rainy Season,Noble Don Taylor,Noble,Drillship,490000.0,2020
NPT00536,2024-12-18,W040,R002,Atlantic Energy Guyana,Stabroek,Exploration,Drilling,Lost Circulation,Formation Instability,Directional Drilling,4.0,76666.0,129558.0,206224.0,Minor,$100K - $250K,Low,Unplanned,Day,Run Fishing Tools,Closed,December,Q4,Short Rainy Season,Stena Carron,Stena Drilling,Drillship,460000.0,2015
NPT00483,2024-12-19,W036,R002,Atlantic Energy Guyana,Stabroek,Exploration,Mechanical,BOP Repair,Equipment Wear,Maintenance Team,4.0,76666.0,78814.0,155480.0,Minor,$100K - $250K,Low,Unplanned,Day,OEM Inspection,Closed,December,Q4,Short Rainy Season,Stena Carron,Stena Drilling,Drillship,460000.0,2015
NPT00484,2024-12-20,W036,R002,Atlantic Energy Guyana,Stabroek,Exploration,Drilling,Bit Failure,Unexpected Pressure,Directional Drilling,4.0,76666.0,112293.0,188959.0,Minor,$100K - $250K,Low,Unplanned,Day,Run Fishing Tools,Closed,December,Q4,Short Rainy Season,Stena Carron,Stena Drilling,Drillship,460000.0,2015
NPT00073,2024-12-21,W006,R002,Atlantic Energy Guyana,Stabroek,Appraisal,Weather,Poor Visibility,Lightning,Marine Operations,2.0,38333.0,92556.0,130889.0,Minor,$100K - $250K,Low,Planned,Day,Suspend Operations,Open,December,Q4,Short Rainy Season,Stena Carron,Stena Drilling,Drillship,460000.0,2015
NPT00485,2024-12-22,W036,R002,Atlantic Energy Guyana,Stabroek,Exploration,Mechanical,Mud Pump Failure,OEM Defect,Maintenance Team,2.0,38333.0,91400.0,129733.0,Minor,$100K - $250K,Low,Unplanned,Day,Preventive Maintenance,Closed,December,Q4,Short Rainy Season,Stena Carron,Stena Drilling,Drillship,460000.0,2015
NPT00537,2024-12-23,W040,R002,Atlantic Energy Guyana,Stabroek,Exploration,Weather,Poor Visibility,Heavy Rain,Weather,12.0,230000.0,561616.0,791616.0,Major,$500K - $1M,Medium,Unplanned,Night,Suspend Operations,Closed,December,Q4,Short Rainy Season,Stena Carron,Stena Drilling,Drillship,460000.0,2015
NPT00486,2024-12-26,W036,R002,Atlantic Energy Guyana,Stabroek,Exploration,Mechanical,Power System Failure,Equipment Wear,OEM Vendor,18.0,345000.0,526177.0,871177.0,Major,$500K - $1M,High,Unplanned,Night,Preventive Maintenance,Closed,December,Q4,Short Rainy Season,Stena Carron,Stena Drilling,Drillship,460000.0,2015
NPT00538,2024-12-26,W040,R002,Atlantic Energy Guyana,Stabroek,Exploration,Weather,High Waves,Lightning,Weather,4.0,76666.0,95669.0,172335.0,Minor,$100K - $250K,Low,Unplanned,Night,Wait on Weather,Closed,December,Q4,Short Rainy Season,Stena Carron,Stena Drilling,Drillship,460000.0,2015
NPT00507,2024-12-27,W038,R004,Atlantic Energy Guyana,Stabroek,Appraisal,Mechanical,BOP Repair,Electrical Failure,OEM Vendor,6.0,122500.0,244320.0,366820.0,Moderate,$250K - $500K,Medium,Unplanned,Day,OEM Inspection,Closed,December,Q4,Short Rainy Season,Noble Don Taylor,Noble,Drillship,490000.0,2020
NPT00539,2024-12-28,W040,R002,Atlantic Energy Guyana,Stabroek,Exploration,Weather,Heavy Rain,High Waves,Marine Operations,6.0,115000.0,220006.0,335006.0,Moderate,$250K - $500K,Medium,Unplanned,Night,Wait on Weather,In Progress,December,Q4,Short Rainy Season,Stena Carron,Stena Drilling,Drillship,460000.0,2015
NPT00643,2024-12-30,W047,R004,Atlantic Energy Guyana,Stabroek,Exploration,Drilling,Lost Circulation,Unexpected Pressure,Operator,2.0,40833.0,59674.0,100507.0,Minor,$100K - $250K,Low,Unplanned,Day,Run Fishing Tools,In Progress,December,Q4,Short Rainy Season,Noble Don Taylor,Noble,Drillship,490000.0,2020
NPT00229,2024-12-31,W017,R001,Atlantic Energy Guyana,Stabroek,Appraisal,Personnel,Safety Stand Down,Crew Rotation,Medical Team,6.0,118750.0,236976.0,355726.0,Moderate,$250K - $500K,Medium,Unplanned,Day,Crew Replacement,Closed,December,Q4,Short Rainy Season,Noble Bob Douglas,Noble,Drillship,475000.0,2013
NPT00540,2024-12-31,W040,R002,Atlantic Energy Guyana,Stabroek,Exploration,Drilling,Well Control,Formation Instability,Mud Engineering,4.0,76666.0,41323.0,117989.0,Minor,$100K - $250K,Low,Unplanned,Night,Run Fishing Tools,Open,December,Q4,Short Rainy Season,Stena Carron,Stena Drilling,Drillship,460000.0,2015
NPT00508,2024-12-31,W038,R004,Atlantic Energy Guyana,Stabroek,Appraisal,Logistics,Waiting on Materials,Port Congestion,Procurement,2.0,40833.0,42029.0,82862.0,Minor,< $100K,Low,Unplanned,Night,Air Freight Materials,Closed,December,Q4,Short Rainy Season,Noble Don Taylor,Noble,Drillship,490000.0,2020
NPT00255,2025-01-01,W019,R003,Atlantic Energy Guyana,Stabroek,Exploration,Drilling,Well Control,Bit Wear,Mud Engineering,18.0,360000.0,827467.0,1187467.0,Major,> $1M,High,Planned,Day,Adjust Drilling Parameters,Closed,January,Q1,Short Rainy Season,Stena DrillMAX,Stena Drilling,Drillship,480000.0,2018
NPT00487,2025-01-02,W036,R002,Atlantic Energy Guyana,Stabroek,Exploration,Drilling,Hole Cleaning,Differential Sticking,Operator,6.0,115000.0,111365.0,226365.0,Moderate,$100K - $250K,Medium,Unplanned,Night,Adjust Drilling Parameters,Closed,January,Q1,Short Rainy Season,Stena Carron,Stena Drilling,Drillship,460000.0,2015
NPT00541,2025-01-02,W040,R002,Atlantic Energy Guyana,Stabroek,Exploration,Personnel,Crew Change,Medical Emergency,Rig Management,4.0,76666.0,150344.0,227010.0,Minor,$100K - $250K,Low,Unplanned,Day,Safety Briefing,In Progress,January,Q1,Short Rainy Season,Stena Carron,Stena Drilling,Drillship,460000.0,2015
NPT00509,2025-01-02,W038,R004,Atlantic Energy Guyana,Stabroek,Appraisal,Mechanical,Power System Failure,Poor Preventive Maintenance,OEM Vendor,4.0,81666.0,55857.0,137523.0,Minor,$100K - $250K,Low,Planned,Day,OEM Inspection,Open,January,Q1,Short Rainy Season,Noble Don Taylor,Noble,Drillship,490000.0,2020
NPT00542,2025-01-03,W040,R002,Atlantic Energy Guyana,Stabroek,Exploration,Mechanical,Power System Failure,Equipment Wear,OEM Vendor,2.0,38333.0,34861.0,73194.0,Minor,< $100K,Low,Unplanned,Night,Preventive Maintenance,Closed,January,Q1,Short Rainy Season,Stena Carron,Stena Drilling,Drillship,460000.0,2015
NPT00230,2025-01-04,W017,R001,Atlantic Energy Guyana,Stabroek,Appraisal,Drilling,Stuck Pipe,Formation Instability,Directional Drilling,2.0,39583.0,55699.0,95282.0,Minor,< $100K,Low,Unplanned,Day,Run Fishing Tools,In Progress,January,Q1,Short Rainy Season,Noble Bob Douglas,Noble,Drillship,475000.0,2013
NPT00074,2025-01-06,W006,R002,Atlantic Energy Guyana,Stabroek,Appraisal,Logistics,Delayed Helicopter,Material Shortage,Procurement,4.0,76666.0,169001.0,245667.0,Minor,$100K - $250K,Low,Unplanned,Day,Mobilize Supply Vessel,Open,January,Q1,Short Rainy Season,Stena Carron,Stena Drilling,Drillship,460000.0,2015
NPT00543,2025-01-06,W040,R002,Atlantic Energy Guyana,Stabroek,Exploration,Mechanical,Mud Pump Failure,OEM Defect,Maintenance Team,2.0,38333.0,71989.0,110322.0,Minor,$100K - $250K,Low,Unplanned,Night,Repair Component,Closed,January,Q1,Short Rainy Season,Stena Carron,Stena Drilling,Drillship,460000.0,2015
NPT00075,2025-01-07,W006,R002,Atlantic Energy Guyana,Stabroek,Appraisal,Weather,High Waves,Lightning,Marine Operations,4.0,76666.0,45813.0,122479.0,Minor,$100K - $250K,Low,Unplanned,Day,Wait on Weather,Closed,January,Q1,Short Rainy Season,Stena Carron,Stena Drilling,Drillship,460000.0,2015
NPT00510,2025-01-07,W038,R004,Atlantic Energy Guyana,Stabroek,Appraisal,Mechanical,Rotary Table Failure,Hydraulic Failure,Maintenance Team,6.0,122500.0,88110.0,210610.0,Moderate,$100K - $250K,Medium,Planned,Day,Replace Equipment,In Progress,January,Q1,Short Rainy Season,Noble Don Taylor,Noble,Drillship,490000.0,2020
NPT00544,2025-01-09,W040,R002,Atlantic Energy Guyana,Stabroek,Exploration,Logistics,Delayed Helicopter,Late Supply Vessel,Marine Logistics,8.0,153333.0,344980.0,498313.0,Moderate,$250K - $500K,Medium,Unplanned,Night,Mobilize Supply Vessel,Closed,January,Q1,Short Rainy Season,Stena Carron,Stena Drilling,Drillship,460000.0,2015
NPT00076,2025-01-10,W006,R002,Atlantic Energy Guyana,Stabroek,Appraisal,Logistics,Delayed Helicopter,Late Supply Vessel,Marine Logistics,4.0,76666.0,142294.0,218960.0,Minor,$100K - $250K,Low,Unplanned,Night,Mobilize Supply Vessel,Closed,January,Q1,Short Rainy Season,Stena Carron,Stena Drilling,Drillship,460000.0,2015
NPT00511,2025-01-10,W038,R004,Atlantic Energy Guyana,Stabroek,Appraisal,Weather,High Waves,Heavy Rain,Marine Operations,2.0,40833.0,72180.0,113013.0,Minor,$100K - $250K,Low,Planned,Night,Resume Operations,Open,January,Q1,Short Rainy Season,Noble Don Taylor,Noble,Drillship,490000.0,2020
NPT00488,2025-01-11,W036,R002,Atlantic Energy Guyana,Stabroek,Exploration,Drilling,Lost Circulation,Unexpected Pressure,Mud Engineering,6.0,115000.0,150140.0,265140.0,Moderate,$250K - $500K,Medium,Unplanned,Day,Run Fishing Tools,Closed,January,Q1,Short Rainy Season,Stena Carron,Stena Drilling,Drillship,460000.0,2015
NPT00256,2025-01-11,W019,R003,Atlantic Energy Guyana,Stabroek,Exploration,Logistics,Fuel Supply Delay,Late Supply Vessel,Marine Logistics,8.0,160000.0,163949.0,323949.0,Moderate,$250K - $500K,Medium,Unplanned,Day,Mobilize Supply Vessel,Closed,January,Q1,Short Rainy Season,Stena DrillMAX,Stena Drilling,Drillship,480000.0,2018
NPT00489,2025-01-13,W036,R002,Atlantic Energy Guyana,Stabroek,Exploration,Weather,Strong Wind,Lightning,Marine Operations,6.0,115000.0,123339.0,238339.0,Moderate,$100K - $250K,Medium,Unplanned,Day,Resume Operations,Closed,January,Q1,Short Rainy Season,Stena Carron,Stena Drilling,Drillship,460000.0,2015
NPT00231,2025-01-14,W017,R001,Atlantic Energy Guyana,Stabroek,Appraisal,Logistics,Fuel Supply Delay,Customs Clearance,Procurement,8.0,158333.0,274332.0,432665.0,Moderate,$250K - $500K,Medium,Planned,Day,Expedite Shipment,Closed,January,Q1,Short Rainy Season,Noble Bob Douglas,Noble,Drillship,475000.0,2013
NPT00257,2025-01-14,W019,R003,Atlantic Energy Guyana,Stabroek,Exploration,Drilling,Lost Circulation,Formation Instability,Operator,4.0,80000.0,108553.0,188553.0,Minor,$100K - $250K,Low,Unplanned,Day,Adjust Drilling Parameters,Closed,January,Q1,Short Rainy Season,Stena DrillMAX,Stena Drilling,Drillship,480000.0,2018
NPT00512,2025-01-14,W038,R004,Atlantic Energy Guyana,Stabroek,Appraisal,Drilling,Hole Cleaning,Unexpected Pressure,Directional Drilling,4.0,81666.0,161966.0,243632.0,Minor,$100K - $250K,Low,Unplanned,Night,Increase Mud Weight,In Progress,January,Q1,Short Rainy Season,Noble Don Taylor,Noble,Drillship,490000.0,2020
NPT00490,2025-01-16,W036,R002,Atlantic Energy Guyana,Stabroek,Exploration,Logistics,Fuel Supply Delay,Late Supply Vessel,Procurement,2.0,38333.0,67158.0,105491.0,Minor,$100K - $250K,Low,Planned,Night,Air Freight Materials,Closed,January,Q1,Short Rainy Season,Stena Carron,Stena Drilling,Drillship,460000.0,2015
NPT00545,2025-01-16,W040,R002,Atlantic Energy Guyana,Stabroek,Exploration,Drilling,Fishing Operation,Formation Instability,Directional Drilling,12.0,230000.0,275951.0,505951.0,Major,$500K - $1M,Medium,Unplanned,Day,Condition Hole,Closed,January,Q1,Short Rainy Season,Stena Carron,Stena Drilling,Drillship,460000.0,2015
NPT00258,2025-01-17,W019,R003,Atlantic Energy Guyana,Stabroek,Exploration,Logistics,Waiting on Cement,Late Supply Vessel,Marine Logistics,12.0,240000.0,366765.0,606765.0,Major,$500K - $1M,Medium,Unplanned,Night,Mobilize Supply Vessel,Closed,January,Q1,Short Rainy Season,Stena DrillMAX,Stena Drilling,Drillship,480000.0,2018
NPT00546,2025-01-19,W040,R002,Atlantic Energy Guyana,Stabroek,Exploration,Drilling,Bit Failure,Unexpected Pressure,Mud Engineering,4.0,76666.0,122362.0,199028.0,Minor,$100K - $250K,Low,Unplanned,Night,Adjust Drilling Parameters,Open,January,Q1,Short Rainy Season,Stena Carron,Stena Drilling,Drillship,460000.0,2015
NPT00513,2025-01-19,W038,R004,Atlantic Energy Guyana,Stabroek,Appraisal,Weather,High Waves,Storm,Marine Operations,4.0,81666.0,141093.0,222759.0,Minor,$100K - $250K,Low,Unplanned,Night,Resume Operations,In Progress,January,Q1,Short Rainy Season,Noble Don Taylor,Noble,Drillship,490000.0,2020
NPT00514,2025-01-20,W038,R004,Atlantic Energy Guyana,Stabroek,Appraisal,Weather,Lightning,Lightning,Marine Operations,6.0,122500.0,237410.0,359910.0,Moderate,$250K - $500K,Medium,Unplanned,Day,Wait on Weather,In Progress,January,Q1,Short Rainy Season,Noble Don Taylor,Noble,Drillship,490000.0,2020
NPT00491,2025-01-24,W036,R002,Atlantic Energy Guyana,Stabroek,Exploration,Mechanical,Draw Works Failure,OEM Defect,Drilling Contractor,4.0,76666.0,67923.0,144589.0,Minor,$100K - $250K,Low,Unplanned,Night,Replace Equipment,In Progress,January,Q1,Short Rainy Season,Stena Carron,Stena Drilling,Drillship,460000.0,2015
NPT00492,2025-01-25,W036,R002,Atlantic Energy Guyana,Stabroek,Exploration,Drilling,Hole Cleaning,Unexpected Pressure,Directional Drilling,4.0,76666.0,85809.0,162475.0,Minor,$100K - $250K,Low,Unplanned,Day,Adjust Drilling Parameters,In Progress,January,Q1,Short Rainy Season,Stena Carron,Stena Drilling,Drillship,460000.0,2015
NPT00547,2025-01-26,W040,R002,Atlantic Energy Guyana,Stabroek,Exploration,Weather,Poor Visibility,Heavy Rain,Marine Operations,6.0,115000.0,282556.0,397556.0,Moderate,$250K - $500K,Medium,Unplanned,Night,Suspend Operations,Closed,January,Q1,Short Rainy Season,Stena Carron,Stena Drilling,Drillship,460000.0,2015
NPT00515,2025-01-26,W038,R004,Atlantic Energy Guyana,Stabroek,Appraisal,Weather,Heavy Rain,Lightning,Marine Operations,4.0,81666.0,195140.0,276806.0,Minor,$250K - $500K,Low,Planned,Night,Resume Operations,Open,January,Q1,Short Rainy Season,Noble Don Taylor,Noble,Drillship,490000.0,2020
NPT00077,2025-01-27,W006,R002,Atlantic Energy Guyana,Stabroek,Appraisal,Logistics,Waiting on Cement,Customs Clearance,Procurement,8.0,153333.0,232289.0,385622.0,Moderate,$250K - $500K,Medium,Unplanned,Night,Mobilize Supply Vessel,Closed,January,Q1,Short Rainy Season,Stena Carron,Stena Drilling,Drillship,460000.0,2015
NPT00548,2025-01-27,W040,R002,Atlantic Energy Guyana,Stabroek,Exploration,Drilling,Stuck Pipe,Unexpected Pressure,Directional Drilling,4.0,76666.0,51458.0,128124.0,Minor,$100K - $250K,Low,Unplanned,Night,Adjust Drilling Parameters,Closed,January,Q1,Short Rainy Season,Stena Carron,Stena Drilling,Drillship,460000.0,2015
NPT00078,2025-01-28,W006,R002,Atlantic Energy Guyana,Stabroek,Appraisal,Mechanical,Rotary Table Failure,Electrical Failure,Drilling Contractor,6.0,115000.0,236864.0,351864.0,Moderate,$250K - $500K,Medium,Unplanned,Night,Replace Equipment,Closed,January,Q1,Short Rainy Season,Stena Carron,Stena Drilling,Drillship,460000.0,2015
NPT00079,2025-01-29,W006,R002,Atlantic Energy Guyana,Stabroek,Appraisal,Logistics,Waiting on Cement,Late Supply Vessel,Marine Logistics,4.0,76666.0,64974.0,141640.0,Minor,$100K - $250K,Low,Unplanned,Night,Air Freight Materials,Closed,January,Q1,Short Rainy Season,Stena Carron,Stena Drilling,Drillship,460000.0,2015
NPT00549,2025-01-30,W040,R002,Atlantic Energy Guyana,Stabroek,Exploration,Logistics,Waiting on Cement,Port Congestion,Supply Chain,6.0,115000.0,192955.0,307955.0,Moderate,$250K - $500K,Medium,Unplanned,Day,Mobilize Supply Vessel,Open,January,Q1,Short Rainy Season,Stena Carron,Stena Drilling,Drillship,460000.0,2015
NPT00516,2025-01-30,W038,R004,Atlantic Energy Guyana,Stabroek,Appraisal,Drilling,Well Control,Formation Instability,Operator,6.0,122500.0,270926.0,393426.0,Moderate,$250K - $500K,Medium,Unplanned,Day,Adjust Drilling Parameters,In Progress,January,Q1,Short Rainy Season,Noble Don Taylor,Noble,Drillship,490000.0,2020
NPT00493,2025-02-01,W036,R002,Atlantic Energy Guyana,Stabroek,Exploration,Logistics,Delayed Helicopter,Port Congestion,Supply Chain,4.0,76666.0,58910.0,135576.0,Minor,$100K - $250K,Low,Unplanned,Night,Mobilize Supply Vessel,Open,February,Q1,Dry Season,Stena Carron,Stena Drilling,Drillship,460000.0,2015
NPT00080,2025-02-05,W006,R002,Atlantic Energy Guyana,Stabroek,Appraisal,Mechanical,Mud Pump Failure,Hydraulic Failure,Maintenance Team,6.0,115000.0,145730.0,260730.0,Moderate,$250K - $500K,Medium,Unplanned,Night,OEM Inspection,Closed,February,Q1,Dry Season,Stena Carron,Stena Drilling,Drillship,460000.0,2015
NPT00550,2025-02-05,W040,R002,Atlantic Energy Guyana,Stabroek,Exploration,Weather,High Waves,Heavy Rain,Marine Operations,6.0,115000.0,74637.0,189637.0,Moderate,$100K - $250K,Medium,Unplanned,Day,Resume Operations,Open,February,Q1,Dry Season,Stena Carron,Stena Drilling,Drillship,460000.0,2015
NPT00081,2025-02-06,W006,R002,Atlantic Energy Guyana,Stabroek,Appraisal,Logistics,Waiting on Materials,Port Congestion,Marine Logistics,4.0,76666.0,107545.0,184211.0,Minor,$100K - $250K,Low,Unplanned,Night,Air Freight Materials,Closed,February,Q1,Dry Season,Stena Carron,Stena Drilling,Drillship,460000.0,2015
NPT00494,2025-02-08,W036,R002,Atlantic Energy Guyana,Stabroek,Exploration,Drilling,Stuck Pipe,Differential Sticking,Mud Engineering,6.0,115000.0,150582.0,265582.0,Moderate,$250K - $500K,Medium,Unplanned,Night,Run Fishing Tools,Closed,February,Q1,Dry Season,Stena Carron,Stena Drilling,Drillship,460000.0,2015
NPT00551,2025-02-09,W040,R002,Atlantic Energy Guyana,Stabroek,Exploration,Mechanical,Generator Failure,Poor Preventive Maintenance,Maintenance Team,18.0,345000.0,503296.0,848296.0,Major,$500K - $1M,High,Unplanned,Day,Preventive Maintenance,Open,February,Q1,Dry Season,Stena Carron,Stena Drilling,Drillship,460000.0,2015
NPT00082,2025-02-11,W006,R002,Atlantic Energy Guyana,Stabroek,Appraisal,Drilling,Bit Failure,Bit Wear,Mud Engineering,18.0,345000.0,462111.0,807111.0,Major,$500K - $1M,High,Unplanned,Day,Increase Mud Weight,Closed,February,Q1,Dry Season,Stena Carron,Stena Drilling,Drillship,460000.0,2015
NPT00552,2025-02-12,W040,R002,Atlantic Energy Guyana,Stabroek,Exploration,Drilling,Bit Failure,Differential Sticking,Mud Engineering,8.0,153333.0,272919.0,426252.0,Moderate,$250K - $500K,Medium,Unplanned,Night,Increase Mud Weight,Closed,February,Q1,Dry Season,Stena Carron,Stena Drilling,Drillship,460000.0,2015
NPT00083,2025-02-20,W006,R002,Atlantic Energy Guyana,Stabroek,Appraisal,Drilling,Fishing Operation,Differential Sticking,Mud Engineering,4.0,76666.0,157410.0,234076.0,Minor,$100K - $250K,Low,Unplanned,Day,Adjust Drilling Parameters,Closed,February,Q1,Dry Season,Stena Carron,Stena Drilling,Drillship,460000.0,2015
NPT00517,2025-02-21,W038,R004,Atlantic Energy Guyana,Stabroek,Appraisal,Drilling,Lost Circulation,Formation Instability,Directional Drilling,8.0,163333.0,141844.0,305177.0,Moderate,$250K - $500K,Medium,Unplanned,Night,Increase Mud Weight,Closed,February,Q1,Dry Season,Noble Don Taylor,Noble,Drillship,490000.0,2020
NPT00084,2025-02-25,W006,R002,Atlantic Energy Guyana,Stabroek,Appraisal,Mechanical,Draw Works Failure,Hydraulic Failure,OEM Vendor,8.0,153333.0,286906.0,440239.0,Moderate,$250K - $500K,Medium,Unplanned,Day,OEM Inspection,In Progress,February,Q1,Dry Season,Stena Carron,Stena Drilling,Drillship,460000.0,2015
NPT00518,2025-02-25,W038,R004,Atlantic Energy Guyana,Stabroek,Appraisal,Logistics,Delayed Helicopter,Port Congestion,Procurement,2.0,40833.0,53993.0,94826.0,Minor,< $100K,Low,Unplanned,Night,Mobilize Supply Vessel,Closed,February,Q1,Dry Season,Noble Don Taylor,Noble,Drillship,490000.0,2020
